id,province,name,year,area,cohort,source_row,log_area,treated
JN_목포시,JN,목포시,2000,417.0,2012,15,6.0330862217988015,0
JN_목포시,JN,목포시,2001,380.0,2012,15,5.940171252720432,0
JN_목포시,JN,목포시,2002,339.0,2012,15,5.82600010738045,0
JN_목포시,JN,목포시,2003,276.0,2012,15,5.62040086571715,0
JN_목포시,JN,목포시,2004,233.0,2012,15,5.4510384535657,0
JN_목포시,JN,목포시,2005,292.0,2012,15,5.676753802268282,0
JN_목포시,JN,목포시,2006,295.0,2012,15,5.68697535633982,0
JN_목포시,JN,목포시,2007,255.0,2012,15,5.541263545158426,0
JN_목포시,JN,목포시,2008,261.0,2012,15,5.564520407322694,0
JN_목포시,JN,목포시,2009,272.0,2012,15,5.605802066295998,0
JN_목포시,JN,목포시,2010,217.0,2012,15,5.37989735354046,0
JN_목포시,JN,목포시,2011,197.0,2012,15,5.2832037287379885,0
JN_여수시,JN,여수시,2000,118.0,2012,17,4.770684624465665,0
JN_여수시,JN,여수시,2001,3793.0,2012,17,8.2409125416889,0
JN_여수시,JN,여수시,2002,3655.0,2012,17,8.203851372183879,0
JN_여수시,JN,여수시,2003,3406.0,2012,17,8.133293861222633,0
JN_여수시,JN,여수시,2004,3325.0,2012,17,8.109224953089955,0
JN_여수시,JN,여수시,2005,3152.0,2012,17,8.05579245097777,0
JN_여수시,JN,여수시,2006,3025.0,2012,17,8.014666370464942,0
JN_여수시,JN,여수시,2007,2949.0,2012,17,7.989221408815276,0
JN_여수시,JN,여수시,2008,2792.0,2012,17,7.934513463882263,0
JN_여수시,JN,여수시,2009,2693.0,2012,17,7.898411092811599,0
JN_여수시,JN,여수시,2010,2538.0,2012,17,7.839131648274333,0
JN_여수시,JN,여수시,2011,2256.0,2012,17,7.721348612617949,0
JN_순천시,JN,순천시,2000,8827.0,2012,19,9.085570485020233,0
JN_순천시,JN,순천시,2001,8854.0,2012,19,9.088624613292087,0
JN_순천시,JN,순천시,2002,8290.0,2012,19,9.022805248129341,0
JN_순천시,JN,순천시,2003,7735.0,2012,19,8.953510763007166,0
JN_순천시,JN,순천시,2004,7597.0,2012,19,8.935508711503221,0
JN_순천시,JN,순천시,2005,7227.0,2012,19,8.885579291282982,0
JN_순천시,JN,순천시,2006,7471.0,2012,19,8.918784137975802,0
JN_순천시,JN,순천시,2007,7178.0,2012,19,8.878776071707552,0
JN_순천시,JN,순천시,2008,6134.0,2012,19,8.721602344674197,0
JN_순천시,JN,순천시,2009,5881.0,2012,19,8.679482094459956,0
JN_순천시,JN,순천시,2010,5713.0,2012,19,8.650499558724462,0
JN_순천시,JN,순천시,2011,5215.0,2012,19,8.559294367434873,0
JN_나주시,JN,나주시,2000,15344.0,2009,21,9.63847979712322,1
JN_나주시,JN,나주시,2001,15343.0,2009,21,9.638414622945206,1
JN_나주시,JN,나주시,2002,15341.0,2009,21,9.638284261844774,1
JN_나주시,JN,나주시,2003,14968.0,2009,21,9.613669867953925,1
JN_나주시,JN,나주시,2004,14861.0,2009,21,9.60649561075857,1
JN_나주시,JN,나주시,2005,14845.0,2009,21,9.60541838719786,1
JN_나주시,JN,나주시,2006,14904.0,2009,21,9.609384912281424,1
JN_나주시,JN,나주시,2007,14889.0,2009,21,9.608377964255551,1
JN_나주시,JN,나주시,2008,14786.0,2009,21,9.601436066117046,1
JN_나주시,JN,나주시,2009,14757.0,2009,21,9.59947282546345,1
JN_나주시,JN,나주시,2010,13561.0,2009,21,9.514953305087944,1
JN_나주시,JN,나주시,2011,13142.0,2009,21,9.483568487457813,1
JN_광양시,JN,광양시,2000,4607.0,2012,23,8.435332164935916,0
JN_광양시,JN,광양시,2001,4625.0,2012,23,8.439231649946526,0
JN_광양시,JN,광양시,2002,4395.0,2012,23,8.388222810119277,0
JN_광양시,JN,광양시,2003,3829.0,2012,23,8.250358951477294,0
JN_광양시,JN,광양시,2004,3692.0,2012,23,8.213923595622743,0
JN_광양시,JN,광양시,2005,3562.0,2012,23,8.178077463849608,0
JN_광양시,JN,광양시,2006,3269.0,2012,23,8.092239406724211,0
JN_광양시,JN,광양시,2007,2989.0,2012,23,8.002694162283937,0
JN_광양시,JN,광양시,2008,2534.0,2012,23,7.837554360881084,0
JN_광양시,JN,광양시,2009,2367.0,2012,23,7.769378609513984,0
JN_광양시,JN,광양시,2010,2165.0,2012,23,7.68017564043659,0
JN_광양시,JN,광양시,2011,1560.0,2012,23,7.352441100243583,0
JN_담양군,JN,담양군,2000,8071.0,2012,25,8.996032669324372,0
JN_담양군,JN,담양군,2001,8044.0,2012,25,8.992681750892542,0
JN_담양군,JN,담양군,2002,7942.0,2012,25,8.979920411691197,0
JN_담양군,JN,담양군,2003,7606.0,2012,25,8.936692688488204,0
JN_담양군,JN,담양군,2004,7615.0,2012,25,8.937875265329263,0
JN_담양군,JN,담양군,2005,7572.0,2012,25,8.932212512329214,0
JN_담양군,JN,담양군,2006,7092.0,2012,25,8.866722667194098,0
JN_담양군,JN,담양군,2007,7188.0,2012,25,8.88016824790345,0
JN_담양군,JN,담양군,2008,7184.0,2012,25,8.879611609982035,0
JN_담양군,JN,담양군,2009,6928.0,2012,25,8.843326450242271,0
JN_담양군,JN,담양군,2010,6922.0,2012,25,8.84246002419529,0
JN_담양군,JN,담양군,2011,6421.0,2012,25,8.76732914779405,0
JN_곡성군,JN,곡성군,2000,6083.0,2012,27,8.713253274320705,0
JN_곡성군,JN,곡성군,2001,5973.0,2012,27,8.695004592732307,0
JN_곡성군,JN,곡성군,2002,5905.0,2012,27,8.683554728631462,0
JN_곡성군,JN,곡성군,2003,5839.0,2012,27,8.672314828283538,0
JN_곡성군,JN,곡성군,2004,5718.0,2012,27,8.651374372882257,0
JN_곡성군,JN,곡성군,2005,5434.0,2012,27,8.600430789986293,0
JN_곡성군,JN,곡성군,2006,5324.0,2012,27,8.579980179515003,0
JN_곡성군,JN,곡성군,2007,5399.0,2012,27,8.593969030218288,0
JN_곡성군,JN,곡성군,2008,5438.0,2012,27,8.601166625192416,0
JN_곡성군,JN,곡성군,2009,5452.0,2012,27,8.603737792816423,0
JN_곡성군,JN,곡성군,2010,5286.0,2012,27,8.572817095164234,0
JN_곡성군,JN,곡성군,2011,5034.0,2012,27,8.523970175695261,0
JN_구례군,JN,구례군,2000,3977.0,2012,29,8.28828304520769,0
JN_구례군,JN,구례군,2001,4014.0,2012,29,8.297543529356284,0
JN_구례군,JN,구례군,2002,3982.0,2012,29,8.289539484624141,0
JN_구례군,JN,구례군,2003,3811.0,2012,29,8.24564690087386,0
JN_구례군,JN,구례군,2004,3763.0,2012,29,8.232971790593437,0
JN_구례군,JN,구례군,2005,3684.0,2012,29,8.211754397375197,0
JN_구례군,JN,구례군,2006,3720.0,2012,29,8.221478947267192,0
JN_구례군,JN,구례군,2007,3615.0,2012,29,8.192847134592865,0
JN_구례군,JN,구례군,2008,3467.0,2012,29,8.151044945685024,0
JN_구례군,JN,구례군,2009,3454.0,2012,29,8.147288258706624,0
JN_구례군,JN,구례군,2010,3249.0,2012,29,8.0861025356691,0
JN_구례군,JN,구례군,2011,3161.0,2012,29,8.058643712215618,0
JN_고흥군,JN,고흥군,2000,14033.0,2011,31,9.549166977751137,0
JN_고흥군,JN,고흥군,2001,13994.0,2011,31,9.546383945305841,0
JN_고흥군,JN,고흥군,2002,13993.0,2011,31,9.546312483555713,0
JN_고흥군,JN,고흥군,2003,13769.0,2011,31,9.530174967444372,0
JN_고흥군,JN,고흥군,2004,13825.0,2011,31,9.534233826390535,0
JN_고흥군,JN,고흥군,2005,14075.0,2011,31,9.552155453007892,0
JN_고흥군,JN,고흥군,2006,13775.0,2011,31,9.530610634021116,0
JN_고흥군,JN,고흥군,2007,14141.0,2011,31,9.556833658307777,0
JN_고흥군,JN,고흥군,2008,14454.0,2011,31,9.578726471842927,0
JN_고흥군,JN,고흥군,2009,14477.0,2011,31,9.580316462154043,0
JN_고흥군,JN,고흥군,2010,14526.0,2011,31,9.583695426166113,0
JN_고흥군,JN,고흥군,2011,14038.0,2011,31,9.549523217290366,0
JN_보성군,JN,보성군,2000,10530.0,2012,33,9.261983605128021,0
JN_보성군,JN,보성군,2001,10512.0,2012,33,9.260272740724393,0
JN_보성군,JN,보성군,2002,10440.0,2012,33,9.25339986143663,0
JN_보성군,JN,보성군,2003,10031.0,2012,33,9.213435576883485,0
JN_보성군,JN,보성군,2004,9890.0,2012,33,9.199279424616758,0
JN_보성군,JN,보성군,2005,9726.0,2012,33,9.182557990963732,0
JN_보성군,JN,보성군,2006,9923.0,2012,33,9.202610573914242,0
JN_보성군,JN,보성군,2007,9972.0,2012,33,9.207536444643448,0
JN_보성군,JN,보성군,2008,9697.0,2012,33,9.179571838304547,0
JN_보성군,JN,보성군,2009,9592.0,2012,33,9.16868469670735,0
JN_보성군,JN,보성군,2010,9476.0,2012,33,9.156517565278676,0
JN_보성군,JN,보성군,2011,9087.0,2012,33,9.114600099695346,0
JN_화순군,JN,화순군,2000,7424.0,2012,35,8.912473274466036,0
JN_화순군,JN,화순군,2001,7479.0,2012,35,8.919854372191667,0
JN_화순군,JN,화순군,2002,7347.0,2012,35,8.902047345620277,0
JN_화순군,JN,화순군,2003,7211.0,2012,35,8.88336291691676,0
JN_화순군,JN,화순군,2004,7030.0,2012,35,8.857941984804711,0
JN_화순군,JN,화순군,2005,6868.0,2012,35,8.834628222017367,0
JN_화순군,JN,화순군,2006,6648.0,2012,35,8.802071336535285,0
JN_화순군,JN,화순군,2007,6774.0,2012,35,8.820847033377717,0
JN_화순군,JN,화순군,2008,6541.0,2012,35,8.785845337961213,0
JN_화순군,JN,화순군,2009,6123.0,2012,35,8.719807451477955,0
JN_화순군,JN,화순군,2010,5716.0,2012,35,8.651024539049757,0
JN_화순군,JN,화순군,2011,5478.0,2012,35,8.608495349823023,0
JN_장흥군,JN,장흥군,2000,10395.0,2012,37,9.249080200292113,0
JN_장흥군,JN,장흥군,2001,10346.0,2012,37,9.24435525056346,0
JN_장흥군,JN,장흥군,2002,10041.0,2012,37,9.214431989879436,0
JN_장흥군,JN,장흥군,2003,9876.0,2012,37,9.19786285046507,0
JN_장흥군,JN,장흥군,2004,9750.0,2012,37,9.185022563991893,0
JN_장흥군,JN,장흥군,2005,9678.0,2012,37,9.177610547353265,0
JN_장흥군,JN,장흥군,2006,9642.0,2012,37,9.173883834965567,0
JN_장흥군,JN,장흥군,2007,9467.0,2012,37,9.15556734612889,0
JN_장흥군,JN,장흥군,2008,9443.0,2012,37,9.15302900526307,0
JN_장흥군,JN,장흥군,2009,9259.0,2012,37,9.133351330448047,0
JN_장흥군,JN,장흥군,2010,8892.0,2012,37,9.092907275084087,0
JN_장흥군,JN,장흥군,2011,8929.0,2012,37,9.097059685517216,0
JN_강진군,JN,강진군,2000,10886.0,2012,39,9.295232838994146,0
JN_강진군,JN,강진군,2001,10999.0,2012,39,9.305559638557117,0
JN_강진군,JN,강진군,2002,10879.0,2012,39,9.294589604421082,0
JN_강진군,JN,강진군,2003,10768.0,2012,39,9.284334051884509,0
JN_강진군,JN,강진군,2004,10613.0,2012,39,9.269834943761822,0
JN_강진군,JN,강진군,2005,10550.0,2012,39,9.263881138904212,0
JN_강진군,JN,강진군,2006,10506.0,2012,39,9.259701801513907,0
JN_강진군,JN,강진군,2007,10426.0,2012,39,9.252057965328051,0
JN_강진군,JN,강진군,2008,10349.0,2012,39,9.244645175668174,0
JN_강진군,JN,강진군,2009,10257.0,2012,39,9.235715678307411,0
JN_강진군,JN,강진군,2010,10159.0,2012,39,9.226115291091546,0
JN_강진군,JN,강진군,2011,9922.0,2012,39,9.202509792860994,0
JN_해남군,JN,해남군,2000,24553.0,2009,41,10.108589325349573,1
JN_해남군,JN,해남군,2001,24416.0,2009,41,10.102993934084184,1
JN_해남군,JN,해남군,2002,23991.0,2009,41,10.085434038999999,1
JN_해남군,JN,해남군,2003,20247.0,2009,41,9.915761913411517,1
JN_해남군,JN,해남군,2004,20174.0,2009,41,9.91214992561478,1
JN_해남군,JN,해남군,2005,20255.0,2009,41,9.91615695563679,1
JN_해남군,JN,해남군,2006,19819.0,2009,41,9.894396352524348,1
JN_해남군,JN,해남군,2007,19892.0,2009,41,9.898072919834629,1
JN_해남군,JN,해남군,2008,19698.0,2009,41,9.888272386729648,1
JN_해남군,JN,해남군,2009,20547.0,2009,41,9.930470223866015,1
JN_해남군,JN,해남군,2010,22223.0,2009,41,10.008883067581468,1
JN_해남군,JN,해남군,2011,21561.0,2009,41,9.978641406136552,1
JN_영암군,JN,영암군,2000,16274.0,2009,43,9.697324021256602,1
JN_영암군,JN,영암군,2001,16017.0,2009,43,9.681405937168297,1
JN_영암군,JN,영암군,2002,16747.0,2009,43,9.725974416734479,1
JN_영암군,JN,영암군,2003,16760.0,2009,43,9.726750374036074,1
JN_영암군,JN,영암군,2004,16491.0,2009,43,9.71057005652877,1
JN_영암군,JN,영암군,2005,16584.0,2009,43,9.716193654115616,1
JN_영암군,JN,영암군,2006,16797.0,2009,43,9.728955578017002,1
JN_영암군,JN,영암군,2007,16668.0,2009,43,9.721245992542345,1
JN_영암군,JN,영암군,2008,16255.0,2009,43,9.696155832738006,1
JN_영암군,JN,영암군,2009,16381.0,2009,43,9.703877405604631,1
JN_영암군,JN,영암군,2010,15916.0,2009,43,9.675080171546819,1
JN_영암군,JN,영암군,2011,15485.0,2009,43,9.647627092407303,1
JN_무안군,JN,무안군,2000,10672.0,2012,45,9.275378768155404,0
JN_무안군,JN,무안군,2001,10696.0,2012,45,9.27762511878178,0
JN_무안군,JN,무안군,2002,10606.0,2012,45,9.269175157697076,0
JN_무안군,JN,무안군,2003,10449.0,2012,45,9.254261559034111,0
JN_무안군,JN,무안군,2004,10354.0,2012,45,9.245128197461847,0
JN_무안군,JN,무안군,2005,10143.0,2012,45,9.224539091375995,0
JN_무안군,JN,무안군,2006,9883.0,2012,45,9.198571388376184,0
JN_무안군,JN,무안군,2007,9682.0,2012,45,9.178023770499639,0
JN_무안군,JN,무안군,2008,9378.0,2012,45,9.146121799649531,0
JN_무안군,JN,무안군,2009,9416.0,2012,45,9.150165648940114,0
JN_무안군,JN,무안군,2010,9366.0,2012,45,9.144841389743487,0
JN_무안군,JN,무안군,2011,8882.0,2012,45,9.091782035852047,0
JN_함평군,JN,함평군,2000,9492.0,2012,47,9.158204617555654,0
JN_함평군,JN,함평군,2001,9426.0,2012,47,9.151227107483676,0
JN_함평군,JN,함평군,2002,9166.0,2012,47,9.123256265069069,0
JN_함평군,JN,함평군,2003,8918.0,2012,47,9.095826985187422,0
JN_함평군,JN,함평군,2004,8881.0,2012,47,9.091669442258505,0
JN_함평군,JN,함평군,2005,8660.0,2012,47,9.06647000155648,0
JN_함평군,JN,함평군,2006,8680.0,2012,47,9.068776807654396,0
JN_함평군,JN,함평군,2007,9004.0,2012,47,9.105424202026622,0
JN_함평군,JN,함평군,2008,8943.0,2012,47,9.09862638234618,0
JN_함평군,JN,함평군,2009,8763.0,2012,47,9.07829359105585,0
JN_함평군,JN,함평군,2010,8567.0,2012,47,9.055672891964043,0
JN_함평군,JN,함평군,2011,8170.0,2012,47,9.008224187854049,0
JN_영광군,JN,영광군,2000,11709.0,2011,49,9.368113055848724,0
JN_영광군,JN,영광군,2001,11744.0,2011,49,9.371097750854297,0
JN_영광군,JN,영광군,2002,11777.0,2011,49,9.373903755841548,0
JN_영광군,JN,영광군,2003,11495.0,2011,49,9.349667437197281,0
JN_영광군,JN,영광군,2004,11413.0,2011,49,9.3425083355536,0
JN_영광군,JN,영광군,2005,11341.0,2011,49,9.33617975681533,0
JN_영광군,JN,영광군,2006,11237.0,2011,49,9.326967183907902,0
JN_영광군,JN,영광군,2007,11069.0,2011,49,9.311903687385623,0
JN_영광군,JN,영광군,2008,11062.0,2011,49,9.311271090554623,0
JN_영광군,JN,영광군,2009,11083.0,2011,49,9.313167681775653,0
JN_영광군,JN,영광군,2010,10845.0,2011,49,9.291459423260974,0
JN_영광군,JN,영광군,2011,10756.0,2011,49,9.283219017388756,0
JN_장성군,JN,장성군,2000,7614.0,2012,51,8.937743936942443,0
JN_장성군,JN,장성군,2001,7614.0,2012,51,8.937743936942443,0
JN_장성군,JN,장성군,2002,7579.0,2012,51,8.93313654381203,0
JN_장성군,JN,장성군,2003,7093.0,2012,51,8.866863661202087,0
JN_장성군,JN,장성군,2004,6870.0,2012,51,8.834919385216395,0
JN_장성군,JN,장성군,2005,6534.0,2012,51,8.784774592161016,0
JN_장성군,JN,장성군,2006,6623.0,2012,51,8.798303718484979,0
JN_장성군,JN,장성군,2007,6557.0,2012,51,8.788288460263619,0
JN_장성군,JN,장성군,2008,6032.0,2012,51,8.704833909687792,0
JN_장성군,JN,장성군,2009,5974.0,2012,51,8.695171998776056,0
JN_장성군,JN,장성군,2010,5475.0,2012,51,8.607947554684701,0
JN_장성군,JN,장성군,2011,5363.0,2012,51,8.587278798982926,0
JN_완도군,JN,완도군,2000,3391.0,2012,53,8.128880142125638,0
JN_완도군,JN,완도군,2001,3285.0,2012,53,8.09712193091871,0
JN_완도군,JN,완도군,2002,3361.0,2012,53,8.119993827725105,0
JN_완도군,JN,완도군,2003,3072.0,2012,53,8.030084094267563,0
JN_완도군,JN,완도군,2004,2889.0,2012,53,7.968665700466235,0
JN_완도군,JN,완도군,2005,3032.0,2012,53,8.016977746762262,0
JN_완도군,JN,완도군,2006,2827.0,2012,53,7.946971357693591,0
JN_완도군,JN,완도군,2007,2825.0,2012,53,7.946263643580541,0
JN_완도군,JN,완도군,2008,2712.0,2012,53,7.905441649060286,0
JN_완도군,JN,완도군,2009,2993.0,2012,53,8.0040315078527,0
JN_완도군,JN,완도군,2010,2745.0,2012,53,7.917536353943631,0
JN_완도군,JN,완도군,2011,2762.0,2012,53,7.923710333969238,0
JN_진도군,JN,진도군,2000,6798.0,2012,55,8.824383730256061,0
JN_진도군,JN,진도군,2001,6908.0,2012,55,8.84043543926657,0
JN_진도군,JN,진도군,2002,6906.0,2012,55,8.840145877949938,0
JN_진도군,JN,진도군,2003,6757.0,2012,55,8.818334283552174,0
JN_진도군,JN,진도군,2004,6616.0,2012,55,8.797246236703527,0
JN_진도군,JN,진도군,2005,6761.0,2012,55,8.818926087090677,0
JN_진도군,JN,진도군,2006,6277.0,2012,55,8.744647438317532,0
JN_진도군,JN,진도군,2007,6254.0,2012,55,8.740976538017787,0
JN_진도군,JN,진도군,2008,6429.0,2012,55,8.768574284141687,0
JN_진도군,JN,진도군,2009,6693.0,2012,55,8.808817483100642,0
JN_진도군,JN,진도군,2010,6693.0,2012,55,8.808817483100642,0
JN_진도군,JN,진도군,2011,5720.0,2012,55,8.651724084373843,0
JN_신안군,JN,신안군,2000,10183.0,2012,57,9.228474942171665,0
JN_신안군,JN,신안군,2001,10140.0,2012,57,9.224243277145174,0
JN_신안군,JN,신안군,2002,10243.0,2012,57,9.234349824436535,0
JN_신안군,JN,신안군,2003,10242.0,2012,57,9.234252192022495,0
JN_신안군,JN,신안군,2004,10249.0,2012,57,9.234935418831563,0
JN_신안군,JN,신안군,2005,10115.0,2012,57,9.221774749601845,0
JN_신안군,JN,신안군,2006,10143.0,2012,57,9.224539091375995,0
JN_신안군,JN,신안군,2007,10128.0,2012,57,9.223059144383958,0
JN_신안군,JN,신안군,2008,10041.0,2012,57,9.214431989879436,0
JN_신안군,JN,신안군,2009,9997.0,2012,57,9.210040326967182,0
JN_신안군,JN,신안군,2010,9913.0,2012,57,9.201602306032898,0
JN_신안군,JN,신안군,2011,9703.0,2012,57,9.1801903950253,0
GG_수원시,GG,수원시,2000,1290.0,2012,87,7.162397497355718,0
GG_수원시,GG,수원시,2001,1291.0,2012,87,7.1631723908466425,0
GG_수원시,GG,수원시,2002,1272.0,2012,87,7.148345743900068,0
GG_수원시,GG,수원시,2003,1183.0,2012,87,7.075808863978387,0
GG_수원시,GG,수원시,2004,1121.0,2012,87,7.02197642307216,0
GG_수원시,GG,수원시,2005,1095.0,2012,87,6.9985096422506015,0
GG_수원시,GG,수원시,2006,1050.0,2012,87,6.956545443151569,0
GG_수원시,GG,수원시,2007,878.0,2012,87,6.777646593635117,0
GG_수원시,GG,수원시,2008,792.0,2012,87,6.674561391814426,0
GG_수원시,GG,수원시,2009,764.0,2012,87,6.638567789166521,0
GG_수원시,GG,수원시,2010,689.0,2012,87,6.535241271013659,0
GG_수원시,GG,수원시,2011,603.0,2012,87,6.401917196727186,0
GG_성남시,GG,성남시,2000,153.0,2012,89,5.030437921392435,0
GG_성남시,GG,성남시,2001,160.0,2012,89,5.075173815233827,0
GG_성남시,GG,성남시,2002,136.0,2012,89,4.912654885736052,0
GG_성남시,GG,성남시,2003,139.0,2012,89,4.9344739331306915,0
GG_성남시,GG,성남시,2004,118.0,2012,89,4.770684624465665,0
GG_성남시,GG,성남시,2005,83.0,2012,89,4.418840607796598,0
GG_성남시,GG,성남시,2006,66.0,2012,89,4.189654742026425,0
GG_성남시,GG,성남시,2007,84.0,2012,89,4.430816798843313,0
GG_성남시,GG,성남시,2008,59.0,2012,89,4.07753744390572,0
GG_성남시,GG,성남시,2009,66.0,2012,89,4.189654742026425,0
GG_성남시,GG,성남시,2010,60.0,2012,89,4.0943445622221,0
GG_성남시,GG,성남시,2011,61.0,2012,89,4.110873864173311,0
GG_의정부시,GG,의정부시,2000,388.0,2012,91,5.961005339623274,0
GG_의정부시,GG,의정부시,2001,360.0,2012,91,5.886104031450156,0
GG_의정부시,GG,의정부시,2002,295.0,2012,91,5.68697535633982,0
GG_의정부시,GG,의정부시,2003,323.0,2012,91,5.777652323222656,0
GG_의정부시,GG,의정부시,2004,315.0,2012,91,5.752572638825633,0
GG_의정부시,GG,의정부시,2005,278.0,2012,91,5.627621113690637,0
GG_의정부시,GG,의정부시,2006,259.0,2012,91,5.556828061699537,0
GG_의정부시,GG,의정부시,2007,196.0,2012,91,5.278114659230517,0
GG_의정부시,GG,의정부시,2008,212.0,2012,91,5.356586274672012,0
GG_의정부시,GG,의정부시,2009,149.0,2012,91,5.003946305945459,0
GG_의정부시,GG,의정부시,2010,148.0,2012,91,4.997212273764115,0
GG_의정부시,GG,의정부시,2011,142.0,2012,91,4.955827057601261,0
GG_안양시,GG,안양시,2000,20.0,2012,93,2.995732273553991,0
GG_안양시,GG,안양시,2001,19.0,2012,93,2.9444389791664403,0
GG_안양시,GG,안양시,2002,21.0,2012,93,3.044522437723423,0
GG_안양시,GG,안양시,2003,13.0,2012,93,2.5649493574615367,0
GG_안양시,GG,안양시,2004,12.0,2012,93,2.4849066497880004,0
GG_안양시,GG,안양시,2005,3.0,2012,93,1.0986122886681098,0
GG_안양시,GG,안양시,2006,1.0,2012,93,0.0,0
GG_안양시,GG,안양시,2007,1.0,2012,93,0.0,0
GG_안양시,GG,안양시,2008,1.0,2012,93,0.0,0
GG_안양시,GG,안양시,2009,2.0,2012,93,0.6931471805599453,0
GG_안양시,GG,안양시,2010,,2012,93,,0
GG_안양시,GG,안양시,2011,,2012,93,,0
GG_부천시,GG,부천시,2000,404.0,2012,95,6.0014148779611505,0
GG_부천시,GG,부천시,2001,389.0,2012,95,5.963579343618446,0
GG_부천시,GG,부천시,2002,366.0,2012,95,5.902633333401366,0
GG_부천시,GG,부천시,2003,333.0,2012,95,5.808142489980444,0
GG_부천시,GG,부천시,2004,329.0,2012,95,5.796057750765372,0
GG_부천시,GG,부천시,2005,319.0,2012,95,5.765191102784844,0
GG_부천시,GG,부천시,2006,341.0,2012,95,5.831882477283517,0
GG_부천시,GG,부천시,2007,341.0,2012,95,5.831882477283517,0
GG_부천시,GG,부천시,2008,340.0,2012,95,5.8289456176102075,0
GG_부천시,GG,부천시,2009,344.0,2012,95,5.840641657373398,0
GG_부천시,GG,부천시,2010,321.0,2012,95,5.771441123130016,0
GG_부천시,GG,부천시,2011,305.0,2012,95,5.720311776607412,0
GG_광명시,GG,광명시,2000,305.0,2012,97,5.720311776607412,0
GG_광명시,GG,광명시,2001,298.0,2012,97,5.697093486505405,0
GG_광명시,GG,광명시,2002,256.0,2012,97,5.545177444479562,0
GG_광명시,GG,광명시,2003,232.0,2012,97,5.44673737166631,0
GG_광명시,GG,광명시,2004,229.0,2012,97,5.43372200355424,0
GG_광명시,GG,광명시,2005,178.0,2012,97,5.181783550292085,0
GG_광명시,GG,광명시,2006,150.0,2012,97,5.0106352940962555,0
GG_광명시,GG,광명시,2007,136.0,2012,97,4.912654885736052,0
GG_광명시,GG,광명시,2008,132.0,2012,97,4.882801922586371,0
GG_광명시,GG,광명시,2009,131.0,2012,97,4.875197323201151,0
GG_광명시,GG,광명시,2010,127.0,2012,97,4.844187086458591,0
GG_광명시,GG,광명시,2011,133.0,2012,97,4.890349128221754,0
GG_평택시,GG,평택시,2000,16970.0,2009,99,9.739202358228273,1
GG_평택시,GG,평택시,2001,17005.0,2009,99,9.741262697441297,1
GG_평택시,GG,평택시,2002,16801.0,2009,99,9.729193687429403,1
GG_평택시,GG,평택시,2003,16490.0,2009,99,9.710509415553645,1
GG_평택시,GG,평택시,2004,16290.0,2009,99,9.69830670159609,1
GG_평택시,GG,평택시,2005,16087.0,2009,99,9.685766771390307,1
GG_평택시,GG,평택시,2006,14504.0,2009,99,9.582179752434687,1
GG_평택시,GG,평택시,2007,14450.0,2009,99,9.578449693540579,1
GG_평택시,GG,평택시,2008,14648.0,2009,99,9.592059086354347,1
GG_평택시,GG,평택시,2009,14643.0,2009,99,9.591717684555258,1
GG_평택시,GG,평택시,2010,14362.0,2009,99,9.572341108670264,1
GG_평택시,GG,평택시,2011,13689.0,2009,99,9.524347869595513,1
GG_동두천시,GG,동두천시,2000,210.0,2012,101,5.3471075307174685,0
GG_동두천시,GG,동두천시,2001,181.0,2012,101,5.198497031265826,0
GG_동두천시,GG,동두천시,2002,176.0,2012,101,5.170483995038151,0
GG_동두천시,GG,동두천시,2003,171.0,2012,101,5.14166355650266,0
GG_동두천시,GG,동두천시,2004,174.0,2012,101,5.159055299214529,0
GG_동두천시,GG,동두천시,2005,166.0,2012,101,5.111987788356544,0
GG_동두천시,GG,동두천시,2006,117.0,2012,101,4.762173934797756,0
GG_동두천시,GG,동두천시,2007,127.0,2012,101,4.844187086458591,0
GG_동두천시,GG,동두천시,2008,100.0,2012,101,4.605170185988092,0
GG_동두천시,GG,동두천시,2009,121.0,2012,101,4.795790545596741,0
GG_동두천시,GG,동두천시,2010,121.0,2012,101,4.795790545596741,0
GG_동두천시,GG,동두천시,2011,103.0,2012,101,4.634728988229636,0
GG_안산시,GG,안산시,2000,840.0,2012,103,6.733401891837359,0
GG_안산시,GG,안산시,2001,884.0,2012,103,6.784457062637643,0
GG_안산시,GG,안산시,2002,874.0,2012,103,6.773080375655535,0
GG_안산시,GG,안산시,2003,842.0,2012,103,6.7357800142423265,0
GG_안산시,GG,안산시,2004,805.0,2012,103,6.690842277418564,0
GG_안산시,GG,안산시,2005,718.0,2012,103,6.576469569048224,0
GG_안산시,GG,안산시,2006,735.0,2012,103,6.5998704992128365,0
GG_안산시,GG,안산시,2007,718.0,2012,103,6.576469569048224,0
GG_안산시,GG,안산시,2008,706.0,2012,103,6.559615237493242,0
GG_안산시,GG,안산시,2009,731.0,2012,103,6.594413459749778,0
GG_안산시,GG,안산시,2010,801.0,2012,103,6.68586094706836,0
GG_안산시,GG,안산시,2011,805.0,2012,103,6.690842277418564,0
GG_고양시,GG,고양시,2000,2909.0,2012,105,7.975564658495202,0
GG_고양시,GG,고양시,2001,2816.0,2012,105,7.943072717277933,0
GG_고양시,GG,고양시,2002,2462.0,2012,105,7.808729306744399,0
GG_고양시,GG,고양시,2003,2319.0,2012,105,7.7488913372555315,0
GG_고양시,GG,고양시,2004,2293.0,2012,105,7.737616282857904,0
GG_고양시,GG,고양시,2005,2209.0,2012,105,7.700295203420117,0
GG_고양시,GG,고양시,2006,1754.0,2012,105,7.469654172932128,0
GG_고양시,GG,고양시,2007,1919.0,2012,105,7.5595594960077,0
GG_고양시,GG,고양시,2008,1959.0,2012,105,7.580189417944541,0
GG_고양시,GG,고양시,2009,1698.0,2012,105,7.437206366871292,0
GG_고양시,GG,고양시,2010,1525.0,2012,105,7.329749689041512,0
GG_고양시,GG,고양시,2011,1552.0,2012,105,7.347299700743164,0
GG_과천시,GG,과천시,2000,102.0,2012,107,4.624972813284271,0
GG_과천시,GG,과천시,2001,92.0,2012,107,4.5217885770490405,0
GG_과천시,GG,과천시,2002,87.0,2012,107,4.465908118654584,0
GG_과천시,GG,과천시,2003,76.0,2012,107,4.330733340286331,0
GG_과천시,GG,과천시,2004,71.0,2012,107,4.2626798770413155,0
GG_과천시,GG,과천시,2005,64.0,2012,107,4.1588830833596715,0
GG_과천시,GG,과천시,2006,19.0,2012,107,2.9444389791664403,0
GG_과천시,GG,과천시,2007,22.0,2012,107,3.091042453358316,0
GG_과천시,GG,과천시,2008,20.0,2012,107,2.995732273553991,0
GG_과천시,GG,과천시,2009,20.0,2012,107,2.995732273553991,0
GG_과천시,GG,과천시,2010,20.0,2012,107,2.995732273553991,0
GG_과천시,GG,과천시,2011,20.0,2012,107,2.995732273553991,0
GG_구리시,GG,구리시,2000,4.0,2012,109,1.3862943611198906,0
GG_구리시,GG,구리시,2001,4.0,2012,109,1.3862943611198906,0
GG_구리시,GG,구리시,2002,1.0,2012,109,0.0,0
GG_구리시,GG,구리시,2003,1.0,2012,109,0.0,0
GG_구리시,GG,구리시,2004,1.0,2012,109,0.0,0
GG_구리시,GG,구리시,2005,,2012,109,,0
GG_구리시,GG,구리시,2006,,2012,109,,0
GG_구리시,GG,구리시,2007,,2012,109,,0
GG_구리시,GG,구리시,2008,,2012,109,,0
GG_구리시,GG,구리시,2009,,2012,109,,0
GG_구리시,GG,구리시,2010,,2012,109,,0
GG_구리시,GG,구리시,2011,,2012,109,,0
GG_남양주시,GG,남양주시,2000,1080.0,2012,111,6.984716320118266,0
GG_남양주시,GG,남양주시,2001,983.0,2012,111,6.890609120147166,0
GG_남양주시,GG,남양주시,2002,946.0,2012,111,6.852242569051878,0
GG_남양주시,GG,남양주시,2003,800.0,2012,111,6.684611727667927,0
GG_남양주시,GG,남양주시,2004,629.0,2012,111,6.444131256700441,0
GG_남양주시,GG,남양주시,2005,610.0,2012,111,6.413458957167357,0
GG_남양주시,GG,남양주시,2006,568.0,2012,111,6.342121418721152,0
GG_남양주시,GG,남양주시,2007,517.0,2012,111,6.248042874508429,0
GG_남양주시,GG,남양주시,2008,504.0,2012,111,6.222576268071369,0
GG_남양주시,GG,남양주시,2009,516.0,2012,111,6.246106765481563,0
GG_남양주시,GG,남양주시,2010,381.0,2012,111,5.942799375126701,0
GG_남양주시,GG,남양주시,2011,378.0,2012,111,5.934894195619588,0
GG_오산시,GG,오산시,2000,742.0,2012,113,6.60934924316738,0
GG_오산시,GG,오산시,2001,731.0,2012,113,6.594413459749778,0
GG_오산시,GG,오산시,2002,696.0,2012,113,6.54534966033442,0
GG_오산시,GG,오산시,2003,682.0,2012,113,6.525029657843462,0
GG_오산시,GG,오산시,2004,659.0,2012,113,6.490723534502507,0
GG_오산시,GG,오산시,2005,577.0,2012,113,6.3578422665081,0
GG_오산시,GG,오산시,2006,477.0,2012,113,6.1675164908883415,0
GG_오산시,GG,오산시,2007,416.0,2012,113,6.030685260261263,0
GG_오산시,GG,오산시,2008,424.0,2012,113,6.049733455231958,0
GG_오산시,GG,오산시,2009,302.0,2012,113,5.71042701737487,0
GG_오산시,GG,오산시,2010,362.0,2012,113,5.8916442118257715,0
GG_오산시,GG,오산시,2011,363.0,2012,113,5.8944028342648505,0
GG_시흥시,GG,시흥시,2000,1555.0,2012,115,7.349230824613334,0
GG_시흥시,GG,시흥시,2001,1568.0,2012,115,7.357556200910353,0
GG_시흥시,GG,시흥시,2002,1443.0,2012,115,7.274479558773871,0
GG_시흥시,GG,시흥시,2003,1370.0,2012,115,7.222566018822171,0
GG_시흥시,GG,시흥시,2004,1331.0,2012,115,7.193685818395112,0
GG_시흥시,GG,시흥시,2005,1291.0,2012,115,7.1631723908466425,0
GG_시흥시,GG,시흥시,2006,1151.0,2012,115,7.048386408721883,0
GG_시흥시,GG,시흥시,2007,1126.0,2012,115,7.026426808699636,0
GG_시흥시,GG,시흥시,2008,1161.0,2012,115,7.057036981697891,0
GG_시흥시,GG,시흥시,2009,1138.0,2012,115,7.037027614686276,0
GG_시흥시,GG,시흥시,2010,1129.0,2012,115,7.029087564149662,0
GG_시흥시,GG,시흥시,2011,1074.0,2012,115,6.97914527506881,0
GG_군포시,GG,군포시,2000,207.0,2012,117,5.332718793265369,0
GG_군포시,GG,군포시,2001,194.0,2012,117,5.267858159063328,0
GG_군포시,GG,군포시,2002,194.0,2012,117,5.267858159063328,0
GG_군포시,GG,군포시,2003,177.0,2012,117,5.176149732573829,0
GG_군포시,GG,군포시,2004,172.0,2012,117,5.147494476813453,0
GG_군포시,GG,군포시,2005,133.0,2012,117,4.890349128221754,0
GG_군포시,GG,군포시,2006,131.0,2012,117,4.875197323201151,0
GG_군포시,GG,군포시,2007,117.0,2012,117,4.762173934797756,0
GG_군포시,GG,군포시,2008,124.0,2012,117,4.820281565605037,0
GG_군포시,GG,군포시,2009,123.0,2012,117,4.812184355372417,0
GG_군포시,GG,군포시,2010,102.0,2012,117,4.624972813284271,0
GG_군포시,GG,군포시,2011,91.0,2012,117,4.51085950651685,0
GG_의왕시,GG,의왕시,2000,144.0,2012,119,4.969813299576001,0
GG_의왕시,GG,의왕시,2001,149.0,2012,119,5.003946305945459,0
GG_의왕시,GG,의왕시,2002,150.0,2012,119,5.0106352940962555,0
GG_의왕시,GG,의왕시,2003,140.0,2012,119,4.941642422609304,0
GG_의왕시,GG,의왕시,2004,153.0,2012,119,5.030437921392435,0
GG_의왕시,GG,의왕시,2005,153.0,2012,119,5.030437921392435,0
GG_의왕시,GG,의왕시,2006,136.0,2012,119,4.912654885736052,0
GG_의왕시,GG,의왕시,2007,132.0,2012,119,4.882801922586371,0
GG_의왕시,GG,의왕시,2008,109.0,2012,119,4.6913478822291435,0
GG_의왕시,GG,의왕시,2009,109.0,2012,119,4.6913478822291435,0
GG_의왕시,GG,의왕시,2010,78.0,2012,119,4.356708826689592,0
GG_의왕시,GG,의왕시,2011,99.0,2012,119,4.59511985013459,0
GG_하남시,GG,하남시,2000,233.0,2012,121,5.4510384535657,0
GG_하남시,GG,하남시,2001,203.0,2012,121,5.313205979041787,0
GG_하남시,GG,하남시,2002,173.0,2012,121,5.153291594497779,0
GG_하남시,GG,하남시,2003,171.0,2012,121,5.14166355650266,0
GG_하남시,GG,하남시,2004,124.0,2012,121,4.820281565605037,0
GG_하남시,GG,하남시,2005,109.0,2012,121,4.6913478822291435,0
GG_하남시,GG,하남시,2006,43.0,2012,121,3.7612001156935624,0
GG_하남시,GG,하남시,2007,33.0,2012,121,3.4965075614664802,0
GG_하남시,GG,하남시,2008,50.0,2012,121,3.912023005428146,0
GG_하남시,GG,하남시,2009,50.0,2012,121,3.912023005428146,0
GG_하남시,GG,하남시,2010,13.0,2012,121,2.5649493574615367,0
GG_하남시,GG,하남시,2011,17.0,2012,121,2.833213344056216,0
GG_용인시,GG,용인시,2000,5935.0,2012,123,8.688622307043769,0
GG_용인시,GG,용인시,2001,5795.0,2012,123,8.664750755773852,0
GG_용인시,GG,용인시,2002,5657.0,2012,123,8.640648995343156,0
GG_용인시,GG,용인시,2003,5253.0,2012,123,8.566554620953962,0
GG_용인시,GG,용인시,2004,5036.0,2012,123,8.524367395164237,0
GG_용인시,GG,용인시,2005,4948.0,2012,123,8.506738733512378,0
GG_용인시,GG,용인시,2006,4835.0,2012,123,8.483636407887394,0
GG_용인시,GG,용인시,2007,4691.0,2012,123,8.453401058328458,0
GG_용인시,GG,용인시,2008,4581.0,2012,123,8.429672593886743,0
GG_용인시,GG,용인시,2009,4635.0,2012,123,8.441391477999955,0
GG_용인시,GG,용인시,2010,4370.0,2012,123,8.382518288089635,0
GG_용인시,GG,용인시,2011,4379.0,2012,123,8.384575666801398,0
GG_파주시,GG,파주시,2000,9830.0,2012,125,9.193194213141211,0
GG_파주시,GG,파주시,2001,9921.0,2012,125,9.202409001649903,0
GG_파주시,GG,파주시,2002,9661.0,2012,125,9.17585244151751,0
GG_파주시,GG,파주시,2003,9490.0,2012,125,9.157993891603974,0
GG_파주시,GG,파주시,2004,8890.0,2012,125,9.09268232850795,0
GG_파주시,GG,파주시,2005,8521.0,2012,125,9.050288983827956,0
GG_파주시,GG,파주시,2006,8024.0,2012,125,8.990192329641772,0
GG_파주시,GG,파주시,2007,7795.0,2012,125,8.961237781491876,0
GG_파주시,GG,파주시,2008,7706.0,2012,125,8.949754525186103,0
GG_파주시,GG,파주시,2009,7436.0,2012,125,8.914088348841334,0
GG_파주시,GG,파주시,2010,7445.0,2012,125,8.915297945118109,0
GG_파주시,GG,파주시,2011,7128.0,2012,125,8.871785969150645,0
GG_이천시,GG,이천시,2000,10404.0,2009,127,9.249945626568541,1
GG_이천시,GG,이천시,2001,10394.0,2009,127,9.248983995568388,1
GG_이천시,GG,이천시,2002,10391.0,2009,127,9.248695325852646,1
GG_이천시,GG,이천시,2003,10161.0,2009,127,9.22631214148588,1
GG_이천시,GG,이천시,2004,10056.0,2009,127,9.215924750270084,1
GG_이천시,GG,이천시,2005,9880.0,2009,127,9.198267790741914,1
GG_이천시,GG,이천시,2006,9843.0,2009,127,9.194515821629212,1
GG_이천시,GG,이천시,2007,9543.0,2009,127,9.163563180417254,1
GG_이천시,GG,이천시,2008,9520.0,2009,127,9.161150127785412,1
GG_이천시,GG,이천시,2009,9558.0,2009,127,9.165133779138104,1
GG_이천시,GG,이천시,2010,9382.0,2009,127,9.146548238888403,1
GG_이천시,GG,이천시,2011,8768.0,2009,127,9.078864009187797,1
GG_안성시,GG,안성시,2000,10200.0,2012,129,9.230142999272362,0
GG_안성시,GG,안성시,2001,10250.0,2012,129,9.235032984566555,0
GG_안성시,GG,안성시,2002,10089.0,2012,129,9.219201000408379,0
GG_안성시,GG,안성시,2003,9970.0,2012,129,9.207335862955883,0
GG_안성시,GG,안성시,2004,9813.0,2012,129,9.191463316206494,0
GG_안성시,GG,안성시,2005,9449.0,2012,129,9.153664194782626,0
GG_안성시,GG,안성시,2006,9133.0,2012,129,9.11964950669168,0
GG_안성시,GG,안성시,2007,8970.0,2012,129,9.101640955052842,0
GG_안성시,GG,안성시,2008,9056.0,2012,129,9.111182800442965,0
GG_안성시,GG,안성시,2009,9067.0,2012,129,9.112396727646056,0
GG_안성시,GG,안성시,2010,9015.0,2012,129,9.106645135637418,0
GG_안성시,GG,안성시,2011,8424.0,2012,129,9.03884005381381,0
GG_김포시,GG,김포시,2000,8004.0,2012,131,8.987696695703624,0
GG_김포시,GG,김포시,2001,7993.0,2012,131,8.98632143762602,0
GG_김포시,GG,김포시,2002,7839.0,2012,131,8.966866554188723,0
GG_김포시,GG,김포시,2003,7637.0,2012,131,8.940760134888384,0
GG_김포시,GG,김포시,2004,7417.0,2012,131,8.911529941736559,0
GG_김포시,GG,김포시,2005,7396.0,2012,131,8.908694592507015,0
GG_김포시,GG,김포시,2006,7002.0,2012,131,8.85395110151461,0
GG_김포시,GG,김포시,2007,6703.0,2012,131,8.810310466357958,0
GG_김포시,GG,김포시,2008,6225.0,2012,131,8.736328721332908,0
GG_김포시,GG,김포시,2009,6009.0,2012,131,8.701013624333928,0
GG_김포시,GG,김포시,2010,5681.0,2012,131,8.644882552557126,0
GG_김포시,GG,김포시,2011,5297.0,2012,131,8.574895901544526,0
GG_화성시,GG,화성시,2000,16930.0,2011,133,9.736842475127181,0
GG_화성시,GG,화성시,2001,16596.0,2011,133,9.716916981452759,0
GG_화성시,GG,화성시,2002,16075.0,2011,133,9.68502054910582,0
GG_화성시,GG,화성시,2003,15258.0,2011,133,9.632859234650175,0
GG_화성시,GG,화성시,2004,14833.0,2011,133,9.604609707323613,0
GG_화성시,GG,화성시,2005,14562.0,2011,133,9.586170674954657,0
GG_화성시,GG,화성시,2006,14404.0,2011,133,9.575261224768767,0
GG_화성시,GG,화성시,2007,14113.0,2011,133,9.554851637414007,0
GG_화성시,GG,화성시,2008,14068.0,2011,133,9.551657993593873,0
GG_화성시,GG,화성시,2009,14537.0,2011,133,9.584452402426324,0
GG_화성시,GG,화성시,2010,14173.0,2011,133,9.559094025166905,0
GG_화성시,GG,화성시,2011,13922.0,2011,133,9.541225601728613,0
GG_광주시,GG,광주시,2000,1894.0,2012,135,7.546446273746024,0
GG_광주시,GG,광주시,2001,1840.0,2012,135,7.517520850603031,0
GG_광주시,GG,광주시,2002,1779.0,2012,135,7.483806687665835,0
GG_광주시,GG,광주시,2003,1685.0,2012,135,7.429520842786462,0
GG_광주시,GG,광주시,2004,1556.0,2012,135,7.349873704738337,0
GG_광주시,GG,광주시,2005,1491.0,2012,135,7.307202314764738,0
GG_광주시,GG,광주시,2006,1329.0,2012,135,7.192182058713246,0
GG_광주시,GG,광주시,2007,1358.0,2012,135,7.213768308118642,0
GG_광주시,GG,광주시,2008,1262.0,2012,135,7.140453043101158,0
GG_광주시,GG,광주시,2009,1224.0,2012,135,7.1098794630722715,0
GG_광주시,GG,광주시,2010,1184.0,2012,135,7.076653815443951,0
GG_광주시,GG,광주시,2011,967.0,2012,135,6.874198495453294,0
GG_양주시,GG,양주시,2000,2680.0,2012,137,7.893572073504902,0
GG_양주시,GG,양주시,2001,2605.0,2012,137,7.865187954187467,0
GG_양주시,GG,양주시,2002,2548.0,2012,137,7.843064016692054,0
GG_양주시,GG,양주시,2003,2414.0,2012,137,7.789040401657477,0
GG_양주시,GG,양주시,2004,2259.0,2012,137,7.7226775164680035,0
GG_양주시,GG,양주시,2005,2209.0,2012,137,7.700295203420117,0
GG_양주시,GG,양주시,2006,2125.0,2012,137,7.661527081358517,0
GG_양주시,GG,양주시,2007,2057.0,2012,137,7.6290038896529575,0
GG_양주시,GG,양주시,2008,1949.0,2012,137,7.575071699507561,0
GG_양주시,GG,양주시,2009,1887.0,2012,137,7.54274354536855,0
GG_양주시,GG,양주시,2010,1863.0,2012,137,7.529943370601589,0
GG_양주시,GG,양주시,2011,1791.0,2012,137,7.490529402060711,0
GG_포천시,GG,포천시,2000,5587.0,2012,139,8.628197749459149,0
GG_포천시,GG,포천시,2001,5588.0,2012,139,8.628376720376853,0
GG_포천시,GG,포천시,2002,5463.0,2012,139,8.605753368395717,0
GG_포천시,GG,포천시,2003,5254.0,2012,139,8.566744970245486,0
GG_포천시,GG,포천시,2004,5102.0,2012,139,8.537387898701757,0
GG_포천시,GG,포천시,2005,4903.0,2012,139,8.497602541651233,0
GG_포천시,GG,포천시,2006,4698.0,2012,139,8.454892165218858,0
GG_포천시,GG,포천시,2007,4621.0,2012,139,8.438366410870266,0
GG_포천시,GG,포천시,2008,4530.0,2012,139,8.41847721847708,0
GG_포천시,GG,포천시,2009,4304.0,2012,139,8.36730010184162,0
GG_포천시,GG,포천시,2010,4205.0,2012,139,8.344029572407049,0
GG_포천시,GG,포천시,2011,3743.0,2012,139,8.22764270790443,0
GG_여주시,GG,여주시,2000,10165.0,2012,141,9.226705726062447,0
GG_여주시,GG,여주시,2001,10011.0,2012,141,9.211439767419483,0
GG_여주시,GG,여주시,2002,9894.0,2012,141,9.199683791787654,0
GG_여주시,GG,여주시,2003,9837.0,2012,141,9.193906065512758,0
GG_여주시,GG,여주시,2004,9531.0,2012,141,9.162304922937626,0
GG_여주시,GG,여주시,2005,9412.0,2012,141,9.149740749847252,0
GG_여주시,GG,여주시,2006,9282.0,2012,141,9.135832319801121,0
GG_여주시,GG,여주시,2007,9217.0,2012,141,9.128804883993665,0
GG_여주시,GG,여주시,2008,8975.0,2012,141,9.10219821335648,0
GG_여주시,GG,여주시,2009,8851.0,2012,141,9.088285725968877,0
GG_여주시,GG,여주시,2010,8102.0,2012,141,8.999866223762636,0
GG_여주시,GG,여주시,2011,8137.0,2012,141,9.004176840696656,0
GG_연천군,GG,연천군,2000,4780.0,2012,143,8.472195825485501,0
GG_연천군,GG,연천군,2001,4877.0,2012,143,8.492285555710053,0
GG_연천군,GG,연천군,2002,4805.0,2012,143,8.477412321404392,0
GG_연천군,GG,연천군,2003,4790.0,2012,143,8.474285690404962,0
GG_연천군,GG,연천군,2004,4595.0,2012,143,8.432724034789787,0
GG_연천군,GG,연천군,2005,4569.0,2012,143,8.427049641563272,0
GG_연천군,GG,연천군,2006,4332.0,2012,143,8.37378460812088,0
GG_연천군,GG,연천군,2007,4309.0,2012,143,8.368461137615839,0
GG_연천군,GG,연천군,2008,4293.0,2012,143,8.36474106822456,0
GG_연천군,GG,연천군,2009,4231.0,2012,143,8.350193650720067,0
GG_연천군,GG,연천군,2010,4169.0,2012,143,8.335431477880796,0
GG_연천군,GG,연천군,2011,3876.0,2012,143,8.262558973010657,0
GG_가평군,GG,가평군,2000,1978.0,2012,145,7.589841512182657,0
GG_가평군,GG,가평군,2001,1995.0,2012,145,7.598399329323964,0
GG_가평군,GG,가평군,2002,1950.0,2012,145,7.575584651557793,0
GG_가평군,GG,가평군,2003,1676.0,2012,145,7.424165281042028,0
GG_가평군,GG,가평군,2004,1539.0,2012,145,7.338888133838879,0
GG_가평군,GG,가평군,2005,1414.0,2012,145,7.254177846456518,0
GG_가평군,GG,가평군,2006,1523.0,2012,145,7.328437352895162,0
GG_가평군,GG,가평군,2007,1481.0,2012,145,7.300472814267799,0
GG_가평군,GG,가평군,2008,1346.0,2012,145,7.204892510204673,0
GG_가평군,GG,가평군,2009,1344.0,2012,145,7.203405521083095,0
GG_가평군,GG,가평군,2010,1240.0,2012,145,7.122866658599083,0
GG_가평군,GG,가평군,2011,1144.0,2012,145,7.042286171939743,0
GG_양평군,GG,양평군,2000,5714.0,2012,147,8.65067458279072,0
GG_양평군,GG,양평군,2001,5750.0,2012,147,8.656955133791396,0
GG_양평군,GG,양평군,2002,5630.0,2012,147,8.635864721133736,0
GG_양평군,GG,양평군,2003,5485.0,2012,147,8.609772372709331,0
GG_양평군,GG,양평군,2004,5313.0,2012,147,8.577911926450943,0
GG_양평군,GG,양평군,2005,5033.0,2012,147,8.52377150677636,0
GG_양평군,GG,양평군,2006,5092.0,2012,147,8.535425959677298,0
GG_양평군,GG,양평군,2007,5024.0,2012,147,8.521981708148035,0
GG_양평군,GG,양평군,2008,5087.0,2012,147,8.534443544822764,0
GG_양평군,GG,양평군,2009,4944.0,2012,147,8.505929999137527,0
GG_양평군,GG,양평군,2010,4826.0,2012,147,8.481773246184977,0
GG_양평군,GG,양평군,2011,4678.0,2012,147,8.450625947144124,0
GW_춘천시,GW,춘천시,2000,2928.0,2012,179,7.982074875081202,0
GW_춘천시,GW,춘천시,2001,2852.0,2012,179,7.955775781534187,0
GW_춘천시,GW,춘천시,2002,2820.0,2012,179,7.944492163932159,0
GW_춘천시,GW,춘천시,2003,2732.0,2012,179,7.912789220690681,0
GW_춘천시,GW,춘천시,2004,2557.0,2012,179,7.846589975291186,0
GW_춘천시,GW,춘천시,2005,2487.0,2012,179,7.818832443803404,0
GW_춘천시,GW,춘천시,2006,2395.0,2012,179,7.781138509845015,0
GW_춘천시,GW,춘천시,2007,2337.0,2012,179,7.756623334538858,0
GW_춘천시,GW,춘천시,2008,2239.0,2012,179,7.713784616598755,0
GW_춘천시,GW,춘천시,2009,2196.0,2012,179,7.694392802629421,0
GW_춘천시,GW,춘천시,2010,2082.0,2012,179,7.641084249174914,0
GW_춘천시,GW,춘천시,2011,1758.0,2012,179,7.471932078245122,0
GW_원주시,GW,원주시,2000,4684.0,2012,181,8.451907724717607,0
GW_원주시,GW,원주시,2001,4642.0,2012,181,8.442900586834382,0
GW_원주시,GW,원주시,2002,4741.0,2012,181,8.464003362902119,0
GW_원주시,GW,원주시,2003,4608.0,2012,181,8.435549202375727,0
GW_원주시,GW,원주시,2004,4442.0,2012,181,8.398860004454372,0
GW_원주시,GW,원주시,2005,4363.0,2012,181,8.38091517312361,0
GW_원주시,GW,원주시,2006,4144.0,2012,181,8.329416783939319,0
GW_원주시,GW,원주시,2007,4331.0,2012,181,8.373553741214627,0
GW_원주시,GW,원주시,2008,4190.0,2012,181,8.340456012916183,0
GW_원주시,GW,원주시,2009,4177.0,2012,181,8.337348564497175,0
GW_원주시,GW,원주시,2010,4104.0,2012,181,8.319717386850606,0
GW_원주시,GW,원주시,2011,3845.0,2012,181,8.254528881939745,0
GW_강릉시,GW,강릉시,2000,3937.0,2012,183,8.278174290943738,0
GW_강릉시,GW,강릉시,2001,4005.0,2012,183,8.29529885950246,0
GW_강릉시,GW,강릉시,2002,3927.0,2012,183,8.27563105457801,0
GW_강릉시,GW,강릉시,2003,3487.0,2012,183,8.156797046675651,0
GW_강릉시,GW,강릉시,2004,3362.0,2012,183,8.120291313968561,0
GW_강릉시,GW,강릉시,2005,3379.0,2012,183,8.12533508671429,0
GW_강릉시,GW,강릉시,2006,3288.0,2012,183,8.098034756176071,0
GW_강릉시,GW,강릉시,2007,3263.0,2012,183,8.09040229659332,0
GW_강릉시,GW,강릉시,2008,3249.0,2012,183,8.0861025356691,0
GW_강릉시,GW,강릉시,2009,3275.0,2012,183,8.094073148069352,0
GW_강릉시,GW,강릉시,2010,3108.0,2012,183,8.041734711487537,0
GW_강릉시,GW,강릉시,2011,2864.0,2012,183,7.9599745280805365,0
GW_동해시,GW,동해시,2000,362.0,2012,185,5.8916442118257715,0
GW_동해시,GW,동해시,2001,341.0,2012,185,5.831882477283517,0
GW_동해시,GW,동해시,2002,327.0,2012,185,5.7899601708972535,0
GW_동해시,GW,동해시,2003,273.0,2012,185,5.60947179518496,0
GW_동해시,GW,동해시,2004,249.0,2012,185,5.517452896464707,0
GW_동해시,GW,동해시,2005,277.0,2012,185,5.6240175061873385,0
GW_동해시,GW,동해시,2006,276.0,2012,185,5.62040086571715,0
GW_동해시,GW,동해시,2007,273.0,2012,185,5.60947179518496,0
GW_동해시,GW,동해시,2008,281.0,2012,185,5.638354669333745,0
GW_동해시,GW,동해시,2009,294.0,2012,185,5.683579767338681,0
GW_동해시,GW,동해시,2010,273.0,2012,185,5.60947179518496,0
GW_동해시,GW,동해시,2011,250.0,2012,185,5.521460917862246,0
GW_태백시,GW,태백시,2000,1.0,2012,187,0.0,0
GW_태백시,GW,태백시,2001,1.0,2012,187,0.0,0
GW_태백시,GW,태백시,2002,1.0,2012,187,0.0,0
GW_태백시,GW,태백시,2003,1.0,2012,187,0.0,0
GW_태백시,GW,태백시,2004,1.0,2012,187,0.0,0
GW_태백시,GW,태백시,2005,1.0,2012,187,0.0,0
GW_태백시,GW,태백시,2006,,2012,187,,0
GW_태백시,GW,태백시,2007,,2012,187,,0
GW_태백시,GW,태백시,2008,,2012,187,,0
GW_태백시,GW,태백시,2009,,2012,187,,0
GW_태백시,GW,태백시,2010,,2012,187,,0
GW_태백시,GW,태백시,2011,,2012,187,,0
GW_속초시,GW,속초시,2000,479.0,2012,189,6.171700597410915,0
GW_속초시,GW,속초시,2001,467.0,2012,189,6.1463292576688975,0
GW_속초시,GW,속초시,2002,465.0,2012,189,6.142037405587356,0
GW_속초시,GW,속초시,2003,440.0,2012,189,6.0867747269123065,0
GW_속초시,GW,속초시,2004,430.0,2012,189,6.063785208687608,0
GW_속초시,GW,속초시,2005,427.0,2012,189,6.056784013228625,0
GW_속초시,GW,속초시,2006,406.0,2012,189,6.0063531596017325,0
GW_속초시,GW,속초시,2007,342.0,2012,189,5.834810737062605,0
GW_속초시,GW,속초시,2008,299.0,2012,189,5.700443573390687,0
GW_속초시,GW,속초시,2009,296.0,2012,189,5.69035945432406,0
GW_속초시,GW,속초시,2010,277.0,2012,189,5.6240175061873385,0
GW_속초시,GW,속초시,2011,277.0,2012,189,5.6240175061873385,0
GW_삼척시,GW,삼척시,2000,1085.0,2012,191,6.98933526597456,0
GW_삼척시,GW,삼척시,2001,1023.0,2012,191,6.930494765951626,0
GW_삼척시,GW,삼척시,2002,1047.0,2012,191,6.953684210870537,0
GW_삼척시,GW,삼척시,2003,920.0,2012,191,6.824373670043086,0
GW_삼척시,GW,삼척시,2004,812.0,2012,191,6.699500340161678,0
GW_삼척시,GW,삼척시,2005,810.0,2012,191,6.697034247666484,0
GW_삼척시,GW,삼척시,2006,926.0,2012,191,6.8308742346461795,0
GW_삼척시,GW,삼척시,2007,977.0,2012,191,6.884486652042782,0
GW_삼척시,GW,삼척시,2008,919.0,2012,191,6.823286122355687,0
GW_삼척시,GW,삼척시,2009,917.0,2012,191,6.821107472256465,0
GW_삼척시,GW,삼척시,2010,869.0,2012,191,6.767343125265392,0
GW_삼척시,GW,삼척시,2011,739.0,2012,191,6.6052979209482015,0
GW_홍천군,GW,홍천군,2000,5151.0,2012,193,8.546946149565585,0
GW_홍천군,GW,홍천군,2001,5122.0,2012,193,8.541300266759471,0
GW_홍천군,GW,홍천군,2002,5074.0,2012,193,8.531884740159228,0
GW_홍천군,GW,홍천군,2003,4872.0,2012,193,8.491259809389733,0
GW_홍천군,GW,홍천군,2004,4827.0,2012,193,8.481980435660493,0
GW_홍천군,GW,홍천군,2005,4619.0,2012,193,8.437933510430605,0
GW_홍천군,GW,홍천군,2006,4244.0,2012,193,8.353261499733874,0
GW_홍천군,GW,홍천군,2007,4056.0,2012,193,8.30795254527102,0
GW_홍천군,GW,홍천군,2008,3935.0,2012,193,8.277666160851503,0
GW_홍천군,GW,홍천군,2009,3886.0,2012,193,8.265135629937385,0
GW_홍천군,GW,홍천군,2010,3657.0,2012,193,8.204398418149381,0
GW_홍천군,GW,홍천군,2011,3454.0,2012,193,8.147288258706624,0
GW_횡성군,GW,횡성군,2000,4442.0,2012,195,8.398860004454372,0
GW_횡성군,GW,횡성군,2001,4192.0,2012,195,8.340933226000878,0
GW_횡성군,GW,횡성군,2002,4124.0,2012,195,8.32457884513685,0
GW_횡성군,GW,횡성군,2003,3914.0,2012,195,8.272315147956022,0
GW_횡성군,GW,횡성군,2004,3858.0,2012,195,8.257904193465674,0
GW_횡성군,GW,횡성군,2005,3762.0,2012,195,8.232706009860976,0
GW_횡성군,GW,횡성군,2006,3437.0,2012,195,8.142354276849835,0
GW_횡성군,GW,횡성군,2007,3356.0,2012,195,8.118505067587098,0
GW_횡성군,GW,횡성군,2008,3425.0,2012,195,8.138856750696325,0
GW_횡성군,GW,횡성군,2009,3367.0,2012,195,8.121777419161074,0
GW_횡성군,GW,횡성군,2010,3281.0,2012,195,8.0959035329611,0
GW_횡성군,GW,횡성군,2011,3225.0,2012,195,8.078688229229872,0
GW_영월군,GW,영월군,2000,1100.0,2012,197,7.003065458786462,0
GW_영월군,GW,영월군,2001,1088.0,2012,197,6.992096427415888,0
GW_영월군,GW,영월군,2002,1058.0,2012,197,6.964135612418245,0
GW_영월군,GW,영월군,2003,985.0,2012,197,6.892641641172089,0
GW_영월군,GW,영월군,2004,900.0,2012,197,6.802394763324311,0
GW_영월군,GW,영월군,2005,869.0,2012,197,6.767343125265392,0
GW_영월군,GW,영월군,2006,813.0,2012,197,6.70073110954781,0
GW_영월군,GW,영월군,2007,814.0,2012,197,6.70196036600254,0
GW_영월군,GW,영월군,2008,817.0,2012,197,6.705639094860003,0
GW_영월군,GW,영월군,2009,882.0,2012,197,6.782192056006791,0
GW_영월군,GW,영월군,2010,753.0,2012,197,6.6240652277998935,0
GW_영월군,GW,영월군,2011,545.0,2012,197,6.300785794663244,0
GW_평창군,GW,평창군,2000,1003.0,2012,199,6.910750787961936,0
GW_평창군,GW,평창군,2001,1005.0,2012,199,6.912742820493176,0
GW_평창군,GW,평창군,2002,963.0,2012,199,6.870053411798126,0
GW_평창군,GW,평창군,2003,968.0,2012,199,6.875232087276577,0
GW_평창군,GW,평창군,2004,923.0,2012,199,6.827629234502852,0
GW_평창군,GW,평창군,2005,934.0,2012,199,6.839476438228843,0
GW_평창군,GW,평창군,2006,817.0,2012,199,6.705639094860003,0
GW_평창군,GW,평창군,2007,707.0,2012,199,6.561030665896573,0
GW_평창군,GW,평창군,2008,610.0,2012,199,6.413458957167357,0
GW_평창군,GW,평창군,2009,584.0,2012,199,6.369900982828227,0
GW_평창군,GW,평창군,2010,578.0,2012,199,6.359573868672378,0
GW_평창군,GW,평창군,2011,454.0,2012,199,6.118097198041348,0
GW_정선군,GW,정선군,2000,606.0,2012,201,6.406879986069314,0
GW_정선군,GW,정선군,2001,600.0,2012,201,6.396929655216146,0
GW_정선군,GW,정선군,2002,595.0,2012,201,6.38856140554563,0
GW_정선군,GW,정선군,2003,556.0,2012,201,6.320768294250582,0
GW_정선군,GW,정선군,2004,554.0,2012,201,6.317164686747284,0
GW_정선군,GW,정선군,2005,540.0,2012,201,6.29156913955832,0
GW_정선군,GW,정선군,2006,461.0,2012,201,6.133398042996649,0
GW_정선군,GW,정선군,2007,428.0,2012,201,6.059123195581797,0
GW_정선군,GW,정선군,2008,440.0,2012,201,6.0867747269123065,0
GW_정선군,GW,정선군,2009,393.0,2012,201,5.973809611869261,0
GW_정선군,GW,정선군,2010,356.0,2012,201,5.87493073085203,0
GW_정선군,GW,정선군,2011,235.0,2012,201,5.459585514144159,0
GW_철원군,GW,철원군,2000,10178.0,2009,203,9.227983807148778,1
GW_철원군,GW,철원군,2001,10063.0,2009,203,9.216620609933333,1
GW_철원군,GW,철원군,2002,10006.0,2009,203,9.21094019204815,1
GW_철원군,GW,철원군,2003,9983.0,2009,203,9.208638925336425,1
GW_철원군,GW,철원군,2004,10080.0,2009,203,9.21830854162536,1
GW_철원군,GW,철원군,2005,10802.0,2009,203,9.287486581152837,1
GW_철원군,GW,철원군,2006,10808.0,2009,203,9.288041879640035,1
GW_철원군,GW,철원군,2007,10764.0,2009,203,9.283962511846797,1
GW_철원군,GW,철원군,2008,10788.0,2009,203,9.28618968425962,1
GW_철원군,GW,철원군,2009,10634.0,2009,203,9.271811694064283,1
GW_철원군,GW,철원군,2010,10659.0,2009,203,9.274159884689137,1
GW_철원군,GW,철원군,2011,10214.0,2009,203,9.23151460720759,1
GW_화천군,GW,화천군,2000,1486.0,2012,205,7.303843225277705,0
GW_화천군,GW,화천군,2001,1474.0,2012,205,7.295735072749282,0
GW_화천군,GW,화천군,2002,1449.0,2012,205,7.278628942320682,0
GW_화천군,GW,화천군,2003,1379.0,2012,205,7.229113877793302,0
GW_화천군,GW,화천군,2004,1371.0,2012,205,7.223295679562314,0
GW_화천군,GW,화천군,2005,1369.0,2012,205,7.221835825288449,0
GW_화천군,GW,화천군,2006,1162.0,2012,205,7.057897937411856,0
GW_화천군,GW,화천군,2007,1201.0,2012,205,7.0909098220799835,0
GW_화천군,GW,화천군,2008,1153.0,2012,205,7.050122520269059,0
GW_화천군,GW,화천군,2009,1133.0,2012,205,7.0326242610280065,0
GW_화천군,GW,화천군,2010,887.0,2012,205,6.787844982309579,0
GW_화천군,GW,화천군,2011,721.0,2012,205,6.580639137284949,0
GW_양구군,GW,양구군,2000,2551.0,2012,207,7.844240718141811,0
GW_양구군,GW,양구군,2001,2668.0,2012,207,7.889084407035514,0
GW_양구군,GW,양구군,2002,2610.0,2012,207,7.867105500316739,0
GW_양구군,GW,양구군,2003,2658.0,2012,207,7.885329239273191,0
GW_양구군,GW,양구군,2004,2545.0,2012,207,7.841885928984623,0
GW_양구군,GW,양구군,2005,2452.0,2012,207,7.804659297056102,0
GW_양구군,GW,양구군,2006,2406.0,2012,207,7.785720896534624,0
GW_양구군,GW,양구군,2007,2271.0,2012,207,7.7279755421055585,0
GW_양구군,GW,양구군,2008,1878.0,2012,207,7.537962659768208,0
GW_양구군,GW,양구군,2009,1843.0,2012,207,7.519149957669823,0
GW_양구군,GW,양구군,2010,1806.0,2012,207,7.498869733976931,0
GW_양구군,GW,양구군,2011,1601.0,2012,207,7.3783837129967145,0
GW_인제군,GW,인제군,2000,1318.0,2012,209,7.183870715062453,0
GW_인제군,GW,인제군,2001,1359.0,2012,209,7.214504414151143,0
GW_인제군,GW,인제군,2002,1349.0,2012,209,7.207118856207756,0
GW_인제군,GW,인제군,2003,1325.0,2012,209,7.1891677384203225,0
GW_인제군,GW,인제군,2004,1278.0,2012,209,7.15305163493748,0
GW_인제군,GW,인제군,2005,1248.0,2012,209,7.129297548929373,0
GW_인제군,GW,인제군,2006,1178.0,2012,209,7.071573364211532,0
GW_인제군,GW,인제군,2007,1140.0,2012,209,7.038783541388542,0
GW_인제군,GW,인제군,2008,1093.0,2012,209,6.996681488176539,0
GW_인제군,GW,인제군,2009,1046.0,2012,209,6.952728644624869,0
GW_인제군,GW,인제군,2010,938.0,2012,209,6.843749949006225,0
GW_인제군,GW,인제군,2011,847.0,2012,209,6.741700694652055,0
GW_고성군,GW,고성군,2000,3378.0,2012,211,8.125039097367745,0
GW_고성군,GW,고성군,2001,3393.0,2012,211,8.129469764784231,0
GW_고성군,GW,고성군,2002,3409.0,2012,211,8.134174272137903,0
GW_고성군,GW,고성군,2003,3275.0,2012,211,8.094073148069352,0
GW_고성군,GW,고성군,2004,3234.0,2012,211,8.081475040137052,0
GW_고성군,GW,고성군,2005,3257.0,2012,211,8.088561805276234,0
GW_고성군,GW,고성군,2006,3230.0,2012,211,8.080237416216702,0
GW_고성군,GW,고성군,2007,3299.0,2012,211,8.101374671228582,0
GW_고성군,GW,고성군,2008,3238.0,2012,211,8.08271113423758,0
GW_고성군,GW,고성군,2009,3273.0,2012,211,8.09346227450118,0
GW_고성군,GW,고성군,2010,3155.0,2012,211,8.056743774975313,0
GW_고성군,GW,고성군,2011,2903.0,2012,211,7.97349996402463,0
GW_양양군,GW,양양군,2000,2477.0,2012,213,7.814803429489359,0
GW_양양군,GW,양양군,2001,2505.0,2012,213,7.826044013518965,0
GW_양양군,GW,양양군,2002,2495.0,2012,213,7.822044008185619,0
GW_양양군,GW,양양군,2003,2343.0,2012,213,7.759187438507795,0
GW_양양군,GW,양양군,2004,2223.0,2012,213,7.706612913964197,0
GW_양양군,GW,양양군,2005,2218.0,2012,213,7.704361167910313,0
GW_양양군,GW,양양군,2006,2214.0,2012,213,7.7025561132685825,0
GW_양양군,GW,양양군,2007,2265.0,2012,213,7.725330037917135,0
GW_양양군,GW,양양군,2008,2252.0,2012,213,7.719573989259581,0
GW_양양군,GW,양양군,2009,2224.0,2012,213,7.707062655370473,0
GW_양양군,GW,양양군,2010,2026.0,2012,213,7.613818684808629,0
GW_양양군,GW,양양군,2011,1982.0,2012,213,7.591861714889934,0
CB_충주시,CB,충주시,2000,7912.0,2012,225,8.976135873302548,0
CB_충주시,CB,충주시,2001,7965.0,2012,225,8.98281222234415,0
CB_충주시,CB,충주시,2002,7826.0,2012,225,8.965206802770357,0
CB_충주시,CB,충주시,2003,7615.0,2012,225,8.937875265329263,0
CB_충주시,CB,충주시,2004,7249.0,2012,225,8.888618807300878,0
CB_충주시,CB,충주시,2005,7278.0,2012,225,8.892611378172106,0
CB_충주시,CB,충주시,2006,6447.0,2012,225,8.77137018531062,0
CB_충주시,CB,충주시,2007,6337.0,2012,225,8.754160749323518,0
CB_충주시,CB,충주시,2008,6164.0,2012,225,8.726481196440007,0
CB_충주시,CB,충주시,2009,5841.0,2012,225,8.67265729404031,0
CB_충주시,CB,충주시,2010,5671.0,2012,225,8.643120748014027,0
CB_충주시,CB,충주시,2011,5468.0,2012,225,8.60666819784384,0
CB_제천시,CB,제천시,2000,3213.0,2012,227,8.074960359115858,0
CB_제천시,CB,제천시,2001,3198.0,2012,227,8.0702808933939,0
CB_제천시,CB,제천시,2002,3166.0,2012,227,8.060224240440958,0
CB_제천시,CB,제천시,2003,3020.0,2012,227,8.013012110368916,0
CB_제천시,CB,제천시,2004,2904.0,2012,227,7.973844375944687,0
CB_제천시,CB,제천시,2005,2873.0,2012,227,7.96311205897929,0
CB_제천시,CB,제천시,2006,2911.0,2012,227,7.976251943745623,0
CB_제천시,CB,제천시,2007,2902.0,2012,227,7.973155433444133,0
CB_제천시,CB,제천시,2008,2761.0,2012,227,7.923348211930154,0
CB_제천시,CB,제천시,2009,2733.0,2012,227,7.913155185928068,0
CB_제천시,CB,제천시,2010,2595.0,2012,227,7.861341795599989,0
CB_제천시,CB,제천시,2011,2616.0,2012,227,7.86940171257709,0
CB_청주시,CB,청주시,2000,3007.0,2012,229,8.008698182988528,0
CB_청주시,CB,청주시,2001,3016.0,2012,229,8.011686729127847,0
CB_청주시,CB,청주시,2002,2919.0,2012,229,7.978996370854115,0
CB_청주시,CB,청주시,2003,2746.0,2012,229,7.917900586327916,0
CB_청주시,CB,청주시,2004,2723.0,2012,229,7.909489492673759,0
CB_청주시,CB,청주시,2005,2646.0,2012,229,7.880804344674901,0
CB_청주시,CB,청주시,2006,2693.0,2012,229,7.898411092811599,0
CB_청주시,CB,청주시,2007,2657.0,2012,229,7.884952945759814,0
CB_청주시,CB,청주시,2008,2639.0,2012,229,7.878155336503324,0
CB_청주시,CB,청주시,2009,2646.0,2012,229,7.880804344674901,0
CB_청주시,CB,청주시,2010,2404.0,2012,229,7.784889295655098,0
CB_청주시,CB,청주시,2011,2328.0,2012,229,7.752764808851328,0
CB_청원군,CB,청원군,2000,11886.0,2009,231,9.383116515926606,1
CB_청원군,CB,청원군,2001,11968.0,2009,231,9.389991700214258,1
CB_청원군,CB,청원군,2002,11629.0,2009,231,9.361257257293044,1
CB_청원군,CB,청원군,2003,11471.0,2009,231,9.347577390281268,1
CB_청원군,CB,청원군,2004,10953.0,2009,231,9.301368670323747,1
CB_청원군,CB,청원군,2005,10845.0,2009,231,9.291459423260974,1
CB_청원군,CB,청원군,2006,11177.0,2009,231,9.321613374385612,1
CB_청원군,CB,청원군,2007,10903.0,2009,231,9.296793259706382,1
CB_청원군,CB,청원군,2008,10741.0,2009,231,9.281823473598047,1
CB_청원군,CB,청원군,2009,10609.0,2009,231,9.269457976459272,1
CB_청원군,CB,청원군,2010,10384.0,2009,231,9.248021438943871,1
CB_청원군,CB,청원군,2011,9838.0,2009,231,9.194007717355285,1
CB_보은군,CB,보은군,2000,5671.0,2012,233,8.643120748014027,0
CB_보은군,CB,보은군,2001,5663.0,2012,233,8.641709066113805,0
CB_보은군,CB,보은군,2002,5577.0,2012,233,8.626406276389554,0
CB_보은군,CB,보은군,2003,5497.0,2012,233,8.61195776786066,0
CB_보은군,CB,보은군,2004,5546.0,2012,233,8.620832226175724,0
CB_보은군,CB,보은군,2005,5465.0,2012,233,8.60611940061064,0
CB_보은군,CB,보은군,2006,5306.0,2012,233,8.576593534697684,0
CB_보은군,CB,보은군,2007,5423.0,2012,233,8.59840444684106,0
CB_보은군,CB,보은군,2008,4949.0,2012,233,8.506940814951886,0
CB_보은군,CB,보은군,2009,5147.0,2012,233,8.546169299652755,0
CB_보은군,CB,보은군,2010,5118.0,2012,233,8.540519016719735,0
CB_보은군,CB,보은군,2011,4705.0,2012,233,8.45638105201948,0
CB_옥천군,CB,옥천군,2000,3602.0,2012,235,8.189244525735901,0
CB_옥천군,CB,옥천군,2001,3604.0,2012,235,8.189799618728228,0
CB_옥천군,CB,옥천군,2002,3538.0,2012,235,8.17131687471973,0
CB_옥천군,CB,옥천군,2003,3314.0,2012,235,8.105911197986508,0
CB_옥천군,CB,옥천군,2004,3174.0,2012,235,8.062747901086354,0
CB_옥천군,CB,옥천군,2005,3014.0,2012,235,8.01102337918644,0
CB_옥천군,CB,옥천군,2006,2651.0,2012,235,7.8826922062890254,0
CB_옥천군,CB,옥천군,2007,2622.0,2012,235,7.871692664323645,0
CB_옥천군,CB,옥천군,2008,2635.0,2012,235,7.876638460975463,0
CB_옥천군,CB,옥천군,2009,2638.0,2012,235,7.87777633327726,0
CB_옥천군,CB,옥천군,2010,2542.0,2012,235,7.8407064517494,0
CB_옥천군,CB,옥천군,2011,2369.0,2012,235,7.7702232041587855,0
CB_영동군,CB,영동군,2000,3023.0,2012,237,8.014004994779459,0
CB_영동군,CB,영동군,2001,3110.0,2012,237,8.04237800517328,0
CB_영동군,CB,영동군,2002,2995.0,2012,237,8.00469951054955,0
CB_영동군,CB,영동군,2003,2613.0,2012,237,7.868254265520613,0
CB_영동군,CB,영동군,2004,2580.0,2012,237,7.855544677915663,0
CB_영동군,CB,영동군,2005,2402.0,2012,237,7.784057002639929,0
CB_영동군,CB,영동군,2006,2386.0,2012,237,7.777373602657861,0
CB_영동군,CB,영동군,2007,2334.0,2012,237,7.755338812846501,0
CB_영동군,CB,영동군,2008,2225.0,2012,237,7.707512194600341,0
CB_영동군,CB,영동군,2009,1952.0,2012,237,7.5766097669730375,0
CB_영동군,CB,영동군,2010,1671.0,2012,237,7.421177528595393,0
CB_영동군,CB,영동군,2011,1468.0,2012,237,7.291656209174461,0
CB_진천군,CB,진천군,2000,6548.0,2009,239,8.786914938491025,1
CB_진천군,CB,진천군,2001,6576.0,2009,239,8.791181936736017,1
CB_진천군,CB,진천군,2002,6513.0,2009,239,8.781555458546402,1
CB_진천군,CB,진천군,2003,6262.0,2009,239,8.742254901886351,1
CB_진천군,CB,진천군,2004,6290.0,2009,239,8.746716349694486,1
CB_진천군,CB,진천군,2005,6075.0,2009,239,8.711937268208748,1
CB_진천군,CB,진천군,2006,5878.0,2009,239,8.678971846978863,1
CB_진천군,CB,진천군,2007,5788.0,2009,239,8.663542087751374,1
CB_진천군,CB,진천군,2008,5380.0,2009,239,8.59044365315583,1
CB_진천군,CB,진천군,2009,5347.0,2009,239,8.584290934948731,1
CB_진천군,CB,진천군,2010,5268.0,2009,239,8.569406062863171,1
CB_진천군,CB,진천군,2011,5139.0,2009,239,8.54461378699223,1
CB_괴산군,CB,괴산군,2000,6742.0,2012,241,8.816111895794005,0
CB_괴산군,CB,괴산군,2001,6623.0,2012,241,8.798303718484979,0
CB_괴산군,CB,괴산군,2002,6425.0,2012,241,8.76795190976342,0
CB_괴산군,CB,괴산군,2003,6174.0,2012,241,8.728102205062104,0
CB_괴산군,CB,괴산군,2004,5952.0,2012,241,8.691482576512929,0
CB_괴산군,CB,괴산군,2005,5668.0,2012,241,8.64259160081057,0
CB_괴산군,CB,괴산군,2006,3992.0,2012,241,8.292047637431354,0
CB_괴산군,CB,괴산군,2007,3767.0,2012,241,8.23403420769204,0
CB_괴산군,CB,괴산군,2008,3538.0,2012,241,8.17131687471973,0
CB_괴산군,CB,괴산군,2009,3840.0,2012,241,8.253227645581772,0
CB_괴산군,CB,괴산군,2010,3707.0,2012,241,8.217978203150732,0
CB_괴산군,CB,괴산군,2011,3618.0,2012,241,8.193676665955241,0
CB_음성군,CB,음성군,2000,7386.0,2012,243,8.90734159541251,0
CB_음성군,CB,음성군,2001,7362.0,2012,243,8.904086913938967,0
CB_음성군,CB,음성군,2002,7311.0,2012,243,8.897135342293316,0
CB_음성군,CB,음성군,2003,7104.0,2012,243,8.868413284672005,0
CB_음성군,CB,음성군,2004,6982.0,2012,243,8.851090687664982,0
CB_음성군,CB,음성군,2005,6498.0,2012,243,8.779249716229046,0
CB_음성군,CB,음성군,2006,6251.0,2012,243,8.740496729931813,0
CB_음성군,CB,음성군,2007,6172.0,2012,243,8.72777821348305,0
CB_음성군,CB,음성군,2008,5987.0,2012,243,8.697345730925353,0
CB_음성군,CB,음성군,2009,5802.0,2012,243,8.665957964681349,0
CB_음성군,CB,음성군,2010,5813.0,2012,243,8.66785206770135,0
CB_음성군,CB,음성군,2011,5481.0,2012,243,8.609042845046117,0
CB_단양군,CB,단양군,2000,948.0,2012,245,6.854354502255021,0
CB_단양군,CB,단양군,2001,928.0,2012,245,6.833031732786201,0
CB_단양군,CB,단양군,2002,879.0,2012,245,6.778784897685177,0
CB_단양군,CB,단양군,2003,776.0,2012,245,6.654152520183219,0
CB_단양군,CB,단양군,2004,692.0,2012,245,6.539585955617669,0
CB_단양군,CB,단양군,2005,653.0,2012,245,6.481577129276431,0
CB_단양군,CB,단양군,2006,638.0,2012,245,6.45833828334479,0
CB_단양군,CB,단양군,2007,549.0,2012,245,6.3080984415095305,0
CB_단양군,CB,단양군,2008,576.0,2012,245,6.3561076606958915,0
CB_단양군,CB,단양군,2009,541.0,2012,245,6.293419278846481,0
CB_단양군,CB,단양군,2010,410.0,2012,245,6.016157159698354,0
CB_단양군,CB,단양군,2011,361.0,2012,245,5.8888779583328805,0
CB_증평군,CB,증평군,2000,,2012,247,,0
CB_증평군,CB,증평군,2001,,2012,247,,0
CB_증평군,CB,증평군,2002,,2012,247,,0
CB_증평군,CB,증평군,2003,,2012,247,,0
CB_증평군,CB,증평군,2004,,2012,247,,0
CB_증평군,CB,증평군,2005,,2012,247,,0
CB_증평군,CB,증평군,2006,1320.0,2012,247,7.1853870155804165,0
CB_증평군,CB,증평군,2007,1248.0,2012,247,7.129297548929373,0
CB_증평군,CB,증평군,2008,1207.0,2012,247,7.095893221097532,0
CB_증평군,CB,증평군,2009,1161.0,2012,247,7.057036981697891,0
CB_증평군,CB,증평군,2010,1175.0,2012,247,7.069023426578259,0
CB_증평군,CB,증평군,2011,1089.0,2012,247,6.9930151229329605,0
CN_천안시,CN,천안시,2000,9384.0,2012,257,9.146761390333312,0
CN_천안시,CN,천안시,2001,9446.0,2012,257,9.153346650456063,0
CN_천안시,CN,천안시,2002,9130.0,2012,257,9.119320973589014,0
CN_천안시,CN,천안시,2003,9002.0,2012,257,9.105202053852878,0
CN_천안시,CN,천안시,2004,8773.0,2012,257,9.079434102128383,0
CN_천안시,CN,천안시,2005,8790.0,2012,257,9.081369990679223,0
CN_천안시,CN,천안시,2006,8022.0,2012,257,8.989943046329998,0
CN_천안시,CN,천안시,2007,8013.0,2012,257,8.98882050177807,0
CN_천안시,CN,천안시,2008,7932.0,2012,257,8.978660489639687,0
CN_천안시,CN,천안시,2009,7856.0,2012,257,8.969032850034301,0
CN_천안시,CN,천안시,2010,7179.0,2012,257,8.878915376576483,0
CN_천안시,CN,천안시,2011,6816.0,2012,257,8.827028068509152,0
CN_공주시,CN,공주시,2000,10677.0,2012,259,9.275847174178303,0
CN_공주시,CN,공주시,2001,10763.0,2012,259,9.283869605264298,0
CN_공주시,CN,공주시,2002,10488.0,2012,259,9.257987025443535,0
CN_공주시,CN,공주시,2003,10095.0,2012,259,9.219795530746937,0
CN_공주시,CN,공주시,2004,9795.0,2012,259,9.189627330378642,0
CN_공주시,CN,공주시,2005,9679.0,2012,259,9.17771386914909,0
CN_공주시,CN,공주시,2006,9302.0,2012,259,9.137984709784043,0
CN_공주시,CN,공주시,2007,9198.0,2012,259,9.12674134809987,0
CN_공주시,CN,공주시,2008,9094.0,2012,259,9.115370134384955,0
CN_공주시,CN,공주시,2009,9369.0,2012,259,9.145161645951188,0
CN_공주시,CN,공주시,2010,8897.0,2012,259,9.093469420244768,0
CN_공주시,CN,공주시,2011,8440.0,2012,259,9.040737587590003,0
CN_보령시,CN,보령시,2000,9934.0,2012,261,9.203718495667296,0
CN_보령시,CN,보령시,2001,9934.0,2012,261,9.203718495667296,0
CN_보령시,CN,보령시,2002,9805.0,2012,261,9.190647738630446,0
CN_보령시,CN,보령시,2003,9648.0,2012,261,9.174505918966966,0
CN_보령시,CN,보령시,2004,9641.0,2012,261,9.17378011666438,0
CN_보령시,CN,보령시,2005,9741.0,2012,261,9.184099060770956,0
CN_보령시,CN,보령시,2006,9724.0,2012,261,9.182352335436015,0
CN_보령시,CN,보령시,2007,9726.0,2012,261,9.182557990963732,0
CN_보령시,CN,보령시,2008,9735.0,2012,261,9.1834829178063,0
CN_보령시,CN,보령시,2009,9627.0,2012,261,9.172326929777967,0
CN_보령시,CN,보령시,2010,9609.0,2012,261,9.170455438277267,0
CN_보령시,CN,보령시,2011,9335.0,2012,261,9.141526055975824,0
CN_아산시,CN,아산시,2000,13153.0,2011,263,9.48440514846878,0
CN_아산시,CN,아산시,2001,13169.0,2011,263,9.48562086171022,0
CN_아산시,CN,아산시,2002,12980.0,2011,263,9.471164990258082,0
CN_아산시,CN,아산시,2003,12737.0,2011,263,9.45226642258976,0
CN_아산시,CN,아산시,2004,12626.0,2011,263,9.44351345892757,0
CN_아산시,CN,아산시,2005,12346.0,2011,263,9.421087402953841,0
CN_아산시,CN,아산시,2006,11691.0,2011,263,9.366574594006819,0
CN_아산시,CN,아산시,2007,11666.0,2011,263,9.364433907313582,0
CN_아산시,CN,아산시,2008,11254.0,2011,263,9.328478899993224,0
CN_아산시,CN,아산시,2009,11201.0,2011,263,9.32375833901174,0
CN_아산시,CN,아산시,2010,11072.0,2011,263,9.31217467785745,0
CN_아산시,CN,아산시,2011,11093.0,2011,263,9.314069557738659,0
CN_서산시,CN,서산시,2000,21230.0,2009,265,9.963170554697301,1
CN_서산시,CN,서산시,2001,21312.0,2009,265,9.967025573340116,1
CN_서산시,CN,서산시,2002,21023.0,2009,265,9.953372355465126,1
CN_서산시,CN,서산시,2003,21011.0,2009,265,9.95280138908905,1
CN_서산시,CN,서산시,2004,20954.0,2009,265,9.950084837912911,1
CN_서산시,CN,서산시,2005,20936.0,2009,265,9.949225444209981,1
CN_서산시,CN,서산시,2006,21203.0,2009,265,9.96189796008255,1
CN_서산시,CN,서산시,2007,20995.0,2009,265,9.952039593118293,1
CN_서산시,CN,서산시,2008,20834.0,2009,265,9.944341546544393,1
CN_서산시,CN,서산시,2009,21012.0,2009,265,9.952848982073853,1
CN_서산시,CN,서산시,2010,20899.0,2009,265,9.947456589918252,1
CN_서산시,CN,서산시,2011,20544.0,2009,265,9.930324206489688,1
CN_논산시,CN,논산시,2000,14443.0,2009,267,9.577965147101168,1
CN_논산시,CN,논산시,2001,14304.0,2009,267,9.568294497413296,1
CN_논산시,CN,논산시,2002,14127.0,2009,267,9.555843138911664,1
CN_논산시,CN,논산시,2003,13772.0,2009,267,9.530392824458414,1
CN_논산시,CN,논산시,2004,13751.0,2009,267,9.528866827722945,1
CN_논산시,CN,논산시,2005,13403.0,2009,267,9.503233841478497,1
CN_논산시,CN,논산시,2006,13021.0,2009,267,9.474318717728728,1
CN_논산시,CN,논산시,2007,12996.0,2009,267,9.472396896788991,1
CN_논산시,CN,논산시,2008,13417.0,2009,267,9.504277838590472,1
CN_논산시,CN,논산시,2009,13293.0,2009,267,9.4949928598676,1
CN_논산시,CN,논산시,2010,12973.0,2009,267,9.470625553571013,1
CN_논산시,CN,논산시,2011,12677.0,2009,267,9.447544606938727,1
CN_계룡시,CN,계룡시,2000,,2012,269,,0
CN_계룡시,CN,계룡시,2001,,2012,269,,0
CN_계룡시,CN,계룡시,2002,,2012,269,,0
CN_계룡시,CN,계룡시,2003,,2012,269,,0
CN_계룡시,CN,계룡시,2004,,2012,269,,0
CN_계룡시,CN,계룡시,2005,,2012,269,,0
CN_계룡시,CN,계룡시,2006,273.0,2012,269,5.60947179518496,0
CN_계룡시,CN,계룡시,2007,270.0,2012,269,5.598421958998375,0
CN_계룡시,CN,계룡시,2008,299.0,2012,269,5.700443573390687,0
CN_계룡시,CN,계룡시,2009,272.0,2012,269,5.605802066295998,0
CN_계룡시,CN,계룡시,2010,277.0,2012,269,5.6240175061873385,0
CN_계룡시,CN,계룡시,2011,273.0,2012,269,5.60947179518496,0
CN_금산군,CN,금산군,2000,3597.0,2012,273,8.187855443695623,0
CN_금산군,CN,금산군,2001,3526.0,2012,273,8.167919362957816,0
CN_금산군,CN,금산군,2002,3477.0,2012,273,8.153925132007862,0
CN_금산군,CN,금산군,2003,3272.0,2012,273,8.093156697722637,0
CN_금산군,CN,금산군,2004,2969.0,2012,273,7.99598047476376,0
CN_금산군,CN,금산군,2005,2702.0,2012,273,7.9017475185201445,0
CN_금산군,CN,금산군,2006,2212.0,2012,273,7.701652362642226,0
CN_금산군,CN,금산군,2007,2111.0,2012,273,7.65491704784832,0
CN_금산군,CN,금산군,2008,2002.0,2012,273,7.601901959875166,0
CN_금산군,CN,금산군,2009,1987.0,2012,273,7.594381242551817,0
CN_금산군,CN,금산군,2010,2038.0,2012,273,7.61972421378267,0
CN_금산군,CN,금산군,2011,1617.0,2012,273,7.388327859577107,0
CN_연기군,CN,연기군,2000,5205.0,2012,275,8.557374981049069,0
CN_연기군,CN,연기군,2001,5191.0,2012,275,8.55468163582723,0
CN_연기군,CN,연기군,2002,5137.0,2012,275,8.544224530467268,0
CN_연기군,CN,연기군,2003,4942.0,2012,275,8.505525386548555,0
CN_연기군,CN,연기군,2004,4774.0,2012,275,8.470939806898775,0
CN_연기군,CN,연기군,2005,4645.0,2012,275,8.443546651247939,0
CN_연기군,CN,연기군,2006,4686.0,2012,275,8.452334619067742,0
CN_연기군,CN,연기군,2007,4477.0,2012,275,8.406708458240965,0
CN_연기군,CN,연기군,2008,4280.0,2012,275,8.361708288575842,0
CN_연기군,CN,연기군,2009,4235.0,2012,275,8.351138607086154,0
CN_연기군,CN,연기군,2010,3703.0,2012,275,8.216898580913613,0
CN_연기군,CN,연기군,2011,3439.0,2012,275,8.142936010432265,0
CN_부여군,CN,부여군,2000,13681.0,2012,277,9.523763287920113,0
CN_부여군,CN,부여군,2001,13661.0,2012,277,9.522300336887486,0
CN_부여군,CN,부여군,2002,13317.0,2012,277,9.496796693502144,0
CN_부여군,CN,부여군,2003,13147.0,2012,277,9.483948874696605,0
CN_부여군,CN,부여군,2004,12679.0,2012,277,9.447702360527948,0
CN_부여군,CN,부여군,2005,12472.0,2012,277,9.431241410737613,0
CN_부여군,CN,부여군,2006,12312.0,2012,277,9.418329675518715,0
CN_부여군,CN,부여군,2007,12415.0,2012,277,9.426660697942268,0
CN_부여군,CN,부여군,2008,11936.0,2012,277,9.387314322443542,0
CN_부여군,CN,부여군,2009,11774.0,2012,277,9.373648989588206,0
CN_부여군,CN,부여군,2010,10471.0,2012,277,9.256364810287462,0
CN_부여군,CN,부여군,2011,9901.0,2012,277,9.200391041122515,0
CN_서천군,CN,서천군,2000,11068.0,2012,279,9.311813340906816,0
CN_서천군,CN,서천군,2001,11030.0,2012,279,9.308374112247549,0
CN_서천군,CN,서천군,2002,10979.0,2012,279,9.303739636234733,0
CN_서천군,CN,서천군,2003,10852.0,2012,279,9.292104673778823,0
CN_서천군,CN,서천군,2004,10776.0,2012,279,9.2850767180902,0
CN_서천군,CN,서천군,2005,10683.0,2012,279,9.276408971945887,0
CN_서천군,CN,서천군,2006,10717.0,2012,279,9.279586544712997,0
CN_서천군,CN,서천군,2007,10625.0,2012,279,9.270964993792617,0
CN_서천군,CN,서천군,2008,10761.0,2012,279,9.283683766200392,0
CN_서천군,CN,서천군,2009,10676.0,2012,279,9.275753510524416,0
CN_서천군,CN,서천군,2010,10669.0,2012,279,9.275097619191461,0
CN_서천군,CN,서천군,2011,10515.0,2012,279,9.2605580881368,0
CN_청양군,CN,청양군,2000,7049.0,2012,281,8.860641041773876,0
CN_청양군,CN,청양군,2001,7058.0,2012,281,8.861917004235215,0
CN_청양군,CN,청양군,2002,6803.0,2012,281,8.825118970345061,0
CN_청양군,CN,청양군,2003,6614.0,2012,281,8.796943893541737,0
CN_청양군,CN,청양군,2004,6602.0,2012,281,8.795127912413138,0
CN_청양군,CN,청양군,2005,6575.0,2012,281,8.791029857045965,0
CN_청양군,CN,청양군,2006,6596.0,2012,281,8.794218683679489,0
CN_청양군,CN,청양군,2007,6640.0,2012,281,8.80086724247048,0
CN_청양군,CN,청양군,2008,6665.0,2012,281,8.804625232612809,0
CN_청양군,CN,청양군,2009,6540.0,2012,281,8.785692444451245,0
CN_청양군,CN,청양군,2010,6018.0,2012,281,8.70251025718999,0
CN_청양군,CN,청양군,2011,5938.0,2012,281,8.689127655323706,0
CN_홍성군,CN,홍성군,2000,10597.0,2012,283,9.268326221174837,0
CN_홍성군,CN,홍성군,2001,10562.0,2012,283,9.26501793326688,0
CN_홍성군,CN,홍성군,2002,10431.0,2012,283,9.25253742067597,0
CN_홍성군,CN,홍성군,2003,10187.0,2012,283,9.228867676590067,0
CN_홍성군,CN,홍성군,2004,10051.0,2012,283,9.21542741102474,0
CN_홍성군,CN,홍성군,2005,9976.0,2012,283,9.207937487359873,0
CN_홍성군,CN,홍성군,2006,10205.0,2012,283,9.230633075243945,0
CN_홍성군,CN,홍성군,2007,10122.0,2012,283,9.222466551774023,0
CN_홍성군,CN,홍성군,2008,10200.0,2012,283,9.230142999272362,0
CN_홍성군,CN,홍성군,2009,9868.0,2012,283,9.197052477649247,0
CN_홍성군,CN,홍성군,2010,9955.0,2012,283,9.205830216498297,0
CN_홍성군,CN,홍성군,2011,9909.0,2012,283,9.201198714058899,0
CN_예산군,CN,예산군,2000,12494.0,2011,285,9.433003808053515,0
CN_예산군,CN,예산군,2001,12477.0,2011,285,9.431642228411022,0
CN_예산군,CN,예산군,2002,12360.0,2011,285,9.422220731011683,0
CN_예산군,CN,예산군,2003,12182.0,2011,285,9.40771473139643,0
CN_예산군,CN,예산군,2004,12100.0,2011,285,9.400960731584833,0
CN_예산군,CN,예산군,2005,11890.0,2011,285,9.383452989684827,0
CN_예산군,CN,예산군,2006,11536.0,2011,285,9.353227859524731,0
CN_예산군,CN,예산군,2007,11513.0,2011,285,9.351232110673664,0
CN_예산군,CN,예산군,2008,11735.0,2011,285,9.370331108285123,0
CN_예산군,CN,예산군,2009,11867.0,2011,285,9.38151671766514,0
CN_예산군,CN,예산군,2010,11962.0,2011,285,9.389490237604502,0
CN_예산군,CN,예산군,2011,11928.0,2011,285,9.386643856444575,0
CN_태안군,CN,태안군,2000,10502.0,2012,287,9.259320994197804,0
CN_태안군,CN,태안군,2001,10385.0,2012,287,9.248117736310213,0
CN_태안군,CN,태안군,2002,10301.0,2012,287,9.239996256883693,0
CN_태안군,CN,태안군,2003,10159.0,2012,287,9.226115291091546,0
CN_태안군,CN,태안군,2004,10209.0,2012,287,9.231024963169016,0
CN_태안군,CN,태안군,2005,10119.0,2012,287,9.222170123729759,0
CN_태안군,CN,태안군,2006,10189.0,2012,287,9.229063985974285,0
CN_태안군,CN,태안군,2007,10278.0,2012,287,9.237760967552175,0
CN_태안군,CN,태안군,2008,10270.0,2012,287,9.236982302922604,0
CN_태안군,CN,태안군,2009,10081.0,2012,287,9.218407743053941,0
CN_태안군,CN,태안군,2010,9851.0,2012,287,9.19532825185568,0
CN_태안군,CN,태안군,2011,9899.0,2012,287,9.200189020919808,0
CN_당진군,CN,당진군,2000,21760.0,2009,289,9.987828700969878,1
CN_당진군,CN,당진군,2001,22255.0,2009,289,10.010321981449955,1
CN_당진군,CN,당진군,2002,22173.0,2009,289,10.006630611452996,1
CN_당진군,CN,당진군,2003,21808.0,2009,289,9.990032153936314,1
CN_당진군,CN,당진군,2004,22178.0,2009,289,10.006856085513162,1
CN_당진군,CN,당진군,2005,22209.0,2009,289,10.008252891111209,1
CN_당진군,CN,당진군,2006,21428.0,2009,289,9.972453757000851,1
CN_당진군,CN,당진군,2007,21363.0,2009,289,9.969415732650235,1
CN_당진군,CN,당진군,2008,21830.0,2009,289,9.99104044954399,1
CN_당진군,CN,당진군,2009,21294.0,2009,289,9.966180621874551,1
CN_당진군,CN,당진군,2010,20883.0,2009,289,9.946690709836776,1
CN_당진군,CN,당진군,2011,20537.0,2009,289,9.929983416340093,1
JB_전주시,JB,전주시,2000,4109.0,2012,307,8.32093496888341,0
JB_전주시,JB,전주시,2001,4151.0,2012,307,8.33110454805304,0
JB_전주시,JB,전주시,2002,4062.0,2012,307,8.30943074214033,0
JB_전주시,JB,전주시,2003,3856.0,2012,307,8.257385655730436,0
JB_전주시,JB,전주시,2004,3502.0,2012,307,8.161089512845797,0
JB_전주시,JB,전주시,2005,3500.0,2012,307,8.160518247477505,0
JB_전주시,JB,전주시,2006,3448.0,2012,307,8.145549631783584,0
JB_전주시,JB,전주시,2007,3571.0,2012,307,8.18060094759445,0
JB_전주시,JB,전주시,2008,3412.0,2012,307,8.13505390861157,0
JB_전주시,JB,전주시,2009,3285.0,2012,307,8.09712193091871,0
JB_전주시,JB,전주시,2010,2961.0,2012,307,7.993282328101591,0
JB_전주시,JB,전주시,2011,2773.0,2012,307,7.927685045615778,0
JB_군산시,JB,군산시,2000,13740.0,2012,309,9.52806656577634,0
JB_군산시,JB,군산시,2001,13657.0,2012,309,9.522007489678424,0
JB_군산시,JB,군산시,2002,13518.0,2012,309,9.511777409660299,0
JB_군산시,JB,군산시,2003,13404.0,2012,309,9.5033084488572,0
JB_군산시,JB,군산시,2004,13197.0,2012,309,9.48774481001683,0
JB_군산시,JB,군산시,2005,13087.0,2012,309,9.479374650055481,0
JB_군산시,JB,군산시,2006,13059.0,2012,309,9.477232830220407,0
JB_군산시,JB,군산시,2007,13133.0,2012,309,9.48288342558516,0
JB_군산시,JB,군산시,2008,13135.0,2012,309,9.48303570211964,0
JB_군산시,JB,군산시,2009,13139.0,2012,309,9.483340185641822,0
JB_군산시,JB,군산시,2010,13113.0,2012,309,9.481359383531425,0
JB_군산시,JB,군산시,2011,12996.0,2012,309,9.472396896788991,0
JB_익산시,JB,익산시,2000,20748.0,2009,313,9.940205135471292,1
JB_익산시,JB,익산시,2001,20767.0,2009,313,9.941120467342978,1
JB_익산시,JB,익산시,2002,20552.0,2009,313,9.93071353878972,1
JB_익산시,JB,익산시,2003,20402.0,2009,313,9.923388214242465,1
JB_익산시,JB,익산시,2004,20197.0,2009,313,9.913289357508388,1
JB_익산시,JB,익산시,2005,19765.0,2009,313,9.891667975730785,1
JB_익산시,JB,익산시,2006,19937.0,2009,313,9.900332580842827,1
JB_익산시,JB,익산시,2007,19751.0,2009,313,9.890959401958858,1
JB_익산시,JB,익산시,2008,19827.0,2009,313,9.894799924138562,1
JB_익산시,JB,익산시,2009,19299.0,2009,313,9.86780856007911,1
JB_익산시,JB,익산시,2010,18303.0,2009,313,9.814820259819962,1
JB_익산시,JB,익산시,2011,18133.0,2009,313,9.805488761654026,1
JB_정읍시,JB,정읍시,2000,17927.0,2011,315,9.79406323525484,0
JB_정읍시,JB,정읍시,2001,17945.0,2011,315,9.795066803581708,0
JB_정읍시,JB,정읍시,2002,17593.0,2011,315,9.775256374639046,0
JB_정읍시,JB,정읍시,2003,16936.0,2011,315,9.737196812814702,0
JB_정읍시,JB,정읍시,2004,16799.0,2011,315,9.729074639810214,0
JB_정읍시,JB,정읍시,2005,16681.0,2011,315,9.722025626154055,0
JB_정읍시,JB,정읍시,2006,16413.0,2011,315,9.705828982731935,0
JB_정읍시,JB,정읍시,2007,16578.0,2011,315,9.715831794151471,0
JB_정읍시,JB,정읍시,2008,16110.0,2011,315,9.68719547617102,0
JB_정읍시,JB,정읍시,2009,15692.0,2011,315,9.660906307329443,0
JB_정읍시,JB,정읍시,2010,15396.0,2011,315,9.641863014403636,0
JB_정읍시,JB,정읍시,2011,15164.0,2011,315,9.626679476636225,0
JB_남원시,JB,남원시,2000,12304.0,2012,317,9.417679691745425,0
JB_남원시,JB,남원시,2001,12208.0,2012,317,9.409846753524238,0
JB_남원시,JB,남원시,2002,12151.0,2012,317,9.405166749908611,0
JB_남원시,JB,남원시,2003,11838.0,2012,317,9.37906997525067,0
JB_남원시,JB,남원시,2004,11732.0,2012,317,9.37007543009734,0
JB_남원시,JB,남원시,2005,11550.0,2012,317,9.35444071594994,0
JB_남원시,JB,남원시,2006,11330.0,2012,317,9.335209354022052,0
JB_남원시,JB,남원시,2007,11310.0,2012,317,9.333442569110167,0
JB_남원시,JB,남원시,2008,11134.0,2012,317,9.317758768743452,0
JB_남원시,JB,남원시,2009,10935.0,2012,317,9.299723933110869,0
JB_남원시,JB,남원시,2010,10821.0,2012,317,9.289243969571649,0
JB_남원시,JB,남원시,2011,10645.0,2012,317,9.27284557732758,0
JB_김제시,JB,김제시,2000,23480.0,2009,319,10.063904273942033,1
JB_김제시,JB,김제시,2001,23399.0,2009,319,10.06044856538989,1
JB_김제시,JB,김제시,2002,23468.0,2009,319,10.06339307004575,1
JB_김제시,JB,김제시,2003,23293.0,2009,319,10.055908165231354,1
JB_김제시,JB,김제시,2004,23257.0,2009,319,10.054361440970256,1
JB_김제시,JB,김제시,2005,23206.0,2009,319,10.05216614490749,1
JB_김제시,JB,김제시,2006,23222.0,2009,319,10.052855384186952,1
JB_김제시,JB,김제시,2007,23362.0,2009,319,10.058866049715641,1
JB_김제시,JB,김제시,2008,23112.0,2009,319,10.048107242146072,1
JB_김제시,JB,김제시,2009,22811.0,2009,319,10.03499815473834,1
JB_김제시,JB,김제시,2010,22421.0,2009,319,10.017753298664472,1
JB_김제시,JB,김제시,2011,21861.0,2009,319,9.992459506338392,1
JB_완주군,JB,완주군,2000,7176.0,2012,321,8.878497403738631,0
JB_완주군,JB,완주군,2001,7189.0,2012,321,8.880307358983872,0
JB_완주군,JB,완주군,2002,6687.0,2012,321,8.80792062205398,0
JB_완주군,JB,완주군,2003,6181.0,2012,321,8.729235349659273,0
JB_완주군,JB,완주군,2004,5915.0,2012,321,8.685246776412487,0
JB_완주군,JB,완주군,2005,5722.0,2012,321,8.652073673610056,0
JB_완주군,JB,완주군,2006,5538.0,2012,321,8.619388703730907,0
JB_완주군,JB,완주군,2007,5521.0,2012,321,8.616314282284044,0
JB_완주군,JB,완주군,2008,5407.0,2012,321,8.595449689382004,0
JB_완주군,JB,완주군,2009,5261.0,2012,321,8.568076401730806,0
JB_완주군,JB,완주군,2010,4889.0,2012,321,8.494743062578646,0
JB_완주군,JB,완주군,2011,4675.0,2012,321,8.449984441722787,0
JB_진안군,JB,진안군,2000,4144.0,2012,323,8.329416783939319,0
JB_진안군,JB,진안군,2001,4091.0,2012,323,8.316544717929398,0
JB_진안군,JB,진안군,2002,3936.0,2012,323,8.277920258172143,0
JB_진안군,JB,진안군,2003,3710.0,2012,323,8.21878715560148,0
JB_진안군,JB,진안군,2004,3419.0,2012,323,8.137103389639302,0
JB_진안군,JB,진안군,2005,3132.0,2012,323,8.049427057110695,0
JB_진안군,JB,진안군,2006,3126.0,2012,323,8.047509510981422,0
JB_진안군,JB,진안군,2007,3463.0,2012,323,8.149890544402423,0
JB_진안군,JB,진안군,2008,3318.0,2012,323,8.10711747075039,0
JB_진안군,JB,진안군,2009,3124.0,2012,323,8.046869510959576,0
JB_진안군,JB,진안군,2010,2923.0,2012,323,7.980365765111246,0
JB_진안군,JB,진안군,2011,2668.0,2012,323,7.889084407035514,0
JB_무주군,JB,무주군,2000,2591.0,2012,325,7.85979918056211,0
JB_무주군,JB,무주군,2001,2584.0,2012,325,7.857093864902493,0
JB_무주군,JB,무주군,2002,2450.0,2012,325,7.803843303538772,0
JB_무주군,JB,무주군,2003,2177.0,2012,325,7.685703061234547,0
JB_무주군,JB,무주군,2004,2087.0,2012,325,7.643482907077201,0
JB_무주군,JB,무주군,2005,1911.0,2012,325,7.555381944240273,0
JB_무주군,JB,무주군,2006,1676.0,2012,325,7.424165281042028,0
JB_무주군,JB,무주군,2007,1763.0,2012,325,7.47477218239787,0
JB_무주군,JB,무주군,2008,1848.0,2012,325,7.521859252201629,0
JB_무주군,JB,무주군,2009,1781.0,2012,325,7.484930283289661,0
JB_무주군,JB,무주군,2010,1645.0,2012,325,7.405495663199472,0
JB_무주군,JB,무주군,2011,1402.0,2012,325,7.2456550675945355,0
JB_장수군,JB,장수군,2000,4330.0,2012,327,8.373322820996535,0
JB_장수군,JB,장수군,2001,4356.0,2012,327,8.37930948405285,0
JB_장수군,JB,장수군,2002,4290.0,2012,327,8.364042011922063,0
JB_장수군,JB,장수군,2003,4076.0,2012,327,8.312871394342615,0
JB_장수군,JB,장수군,2004,4038.0,2012,327,8.303504798872783,0
JB_장수군,JB,장수군,2005,3992.0,2012,327,8.292047637431354,0
JB_장수군,JB,장수군,2006,3501.0,2012,327,8.160803920954665,0
JB_장수군,JB,장수군,2007,3644.0,2012,327,8.200837258379849,0
JB_장수군,JB,장수군,2008,3559.0,2012,327,8.177234885510194,0
JB_장수군,JB,장수군,2009,3477.0,2012,327,8.153925132007862,0
JB_장수군,JB,장수군,2010,3192.0,2012,327,8.068402958569699,0
JB_장수군,JB,장수군,2011,3120.0,2012,327,8.045588280803528,0
JB_임실군,JB,임실군,2000,5723.0,2012,329,8.652248422409102,0
JB_임실군,JB,임실군,2001,5758.0,2012,329,8.65834547117212,0
JB_임실군,JB,임실군,2002,5607.0,2012,329,8.631771096123673,0
JB_임실군,JB,임실군,2003,5492.0,2012,329,8.61104776688786,0
JB_임실군,JB,임실군,2004,5390.0,2012,329,8.592300663903043,0
JB_임실군,JB,임실군,2005,5294.0,2012,329,8.574329382787047,0
JB_임실군,JB,임실군,2006,5084.0,2012,329,8.533853632309345,0
JB_임실군,JB,임실군,2007,5149.0,2012,329,8.546557800046141,0
JB_임실군,JB,임실군,2008,4966.0,2012,329,8.510369966068112,0
JB_임실군,JB,임실군,2009,4855.0,2012,329,8.487764380725425,0
JB_임실군,JB,임실군,2010,4627.0,2012,329,8.439663988907,0
JB_임실군,JB,임실군,2011,4378.0,2012,329,8.384347278082808,0
JB_순창군,JB,순창군,2000,7198.0,2012,331,8.881558488638976,0
JB_순창군,JB,순창군,2001,7154.0,2012,331,8.875426919818963,0
JB_순창군,JB,순창군,2002,6957.0,2012,331,8.847503625923641,0
JB_순창군,JB,순창군,2003,6676.0,2012,331,8.806274284781725,0
JB_순창군,JB,순창군,2004,6609.0,2012,331,8.796187635470453,0
JB_순창군,JB,순창군,2005,6373.0,2012,331,8.759825595314295,0
JB_순창군,JB,순창군,2006,6371.0,2012,331,8.759511722116487,0
JB_순창군,JB,순창군,2007,6322.0,2012,331,8.751790892775563,0
JB_순창군,JB,순창군,2008,6216.0,2012,331,8.734881892047483,0
JB_순창군,JB,순창군,2009,6274.0,2012,331,8.744169388750624,0
JB_순창군,JB,순창군,2010,5950.0,2012,331,8.691146498539675,0
JB_순창군,JB,순창군,2011,5631.0,2012,331,8.636042325254618,0
JB_고창군,JB,고창군,2000,14918.0,2011,333,9.610323816515109,0
JB_고창군,JB,고창군,2001,14997.0,2011,333,9.61560546008168,0
JB_고창군,JB,고창군,2002,14903.0,2011,333,9.609317813948794,0
JB_고창군,JB,고창군,2003,14587.0,2011,333,9.587886000086213,0
JB_고창군,JB,고창군,2004,14427.0,2011,333,9.576856729945773,0
JB_고창군,JB,고창군,2005,14365.0,2011,333,9.57254997141339,0
JB_고창군,JB,고창군,2006,14458.0,2011,333,9.579003173560242,0
JB_고창군,JB,고창군,2007,14471.0,2011,333,9.579901925737992,0
JB_고창군,JB,고창군,2008,14424.0,2011,333,9.576648764883153,0
JB_고창군,JB,고창군,2009,14085.0,2011,333,9.552865680310473,0
JB_고창군,JB,고창군,2010,13614.0,2011,333,9.518853954007897,0
JB_고창군,JB,고창군,2011,13118.0,2011,333,9.481740611853681,0
JB_부안군,JB,부안군,2000,15011.0,2009,335,9.616538544660177,1
JB_부안군,JB,부안군,2001,15041.0,2009,335,9.618535084655214,1
JB_부안군,JB,부안군,2002,14953.0,2009,335,9.612667227583843,1
JB_부안군,JB,부안군,2003,14783.0,2009,335,9.60123315090109,1
JB_부안군,JB,부안군,2004,14717.0,2009,335,9.596758567164112,1
JB_부안군,JB,부안군,2005,14821.0,2009,335,9.603800372956915,1
JB_부안군,JB,부안군,2006,14830.0,2009,335,9.604407435131979,1
JB_부안군,JB,부안군,2007,14766.0,2009,335,9.60008251961911,1
JB_부안군,JB,부안군,2008,14693.0,2009,335,9.595126468875947,1
JB_부안군,JB,부안군,2009,14427.0,2009,335,9.576856729945773,1
JB_부안군,JB,부안군,2010,14268.0,2009,335,9.565774546478782,1
JB_부안군,JB,부안군,2011,13985.0,2009,335,9.54574060563606,1
GB_포항시,GB,포항시,2000,9443.0,2012,351,9.15302900526307,0
GB_포항시,GB,포항시,2001,9549.0,2012,351,9.164191715950203,0
GB_포항시,GB,포항시,2002,9500.0,2012,351,9.159047077588632,0
GB_포항시,GB,포항시,2003,9274.0,2012,351,9.134970064951407,0
GB_포항시,GB,포항시,2004,9141.0,2012,351,9.12052506765382,0
GB_포항시,GB,포항시,2005,9005.0,2012,351,9.105535257610056,0
GB_포항시,GB,포항시,2006,8477.0,2012,351,9.045111892608405,0
GB_포항시,GB,포항시,2007,8786.0,2012,351,9.080914824535725,0
GB_포항시,GB,포항시,2008,8457.0,2012,351,9.042749779782222,0
GB_포항시,GB,포항시,2009,8343.0,2012,351,9.029178142902074,0
GB_포항시,GB,포항시,2010,8317.0,2012,351,9.026056891868688,0
GB_포항시,GB,포항시,2011,8031.0,2012,351,8.991064332188461,0
GB_경주시,GB,경주시,2000,15790.0,2011,353,9.667132107249687,0
GB_경주시,GB,경주시,2001,15943.0,2011,353,9.676775140407365,0
GB_경주시,GB,경주시,2002,15781.0,2011,353,9.666561963748133,0
GB_경주시,GB,경주시,2003,15209.0,2011,353,9.629642636872369,0
GB_경주시,GB,경주시,2004,15094.0,2011,353,9.622052592844813,0
GB_경주시,GB,경주시,2005,14915.0,2011,353,9.61012269694885,0
GB_경주시,GB,경주시,2006,14438.0,2011,353,9.577618898699106,0
GB_경주시,GB,경주시,2007,14471.0,2011,353,9.579901925737992,0
GB_경주시,GB,경주시,2008,14297.0,2011,353,9.567805004029164,0
GB_경주시,GB,경주시,2009,14154.0,2011,353,9.55775254863573,0
GB_경주시,GB,경주시,2010,13810.0,2011,353,9.533148246403337,0
GB_경주시,GB,경주시,2011,13569.0,2011,353,9.515543058145953,0
GB_김천시,GB,김천시,2000,6735.0,2012,355,8.815073088844464,0
GB_김천시,GB,김천시,2001,6821.0,2012,355,8.82776136765472,0
GB_김천시,GB,김천시,2002,6646.0,2012,355,8.801770448914539,0
GB_김천시,GB,김천시,2003,6273.0,2012,355,8.744009988096744,0
GB_김천시,GB,김천시,2004,6152.0,2012,355,8.72453251118548,0
GB_김천시,GB,김천시,2005,5995.0,2012,355,8.698681067461614,0
GB_김천시,GB,김천시,2006,6030.0,2012,355,8.704502289721232,0
GB_김천시,GB,김천시,2007,5973.0,2012,355,8.695004592732307,0
GB_김천시,GB,김천시,2008,5759.0,2012,355,8.658519127506672,0
GB_김천시,GB,김천시,2009,5658.0,2012,355,8.640825751861513,0
GB_김천시,GB,김천시,2010,5430.0,2012,355,8.599694412927981,0
GB_김천시,GB,김천시,2011,5105.0,2012,355,8.537975730598767,0
GB_안동시,GB,안동시,2000,7402.0,2012,357,8.909505512946101,0
GB_안동시,GB,안동시,2001,7557.0,2012,357,8.93022956502072,0
GB_안동시,GB,안동시,2002,7501.0,2012,357,8.922791623969637,0
GB_안동시,GB,안동시,2003,7184.0,2012,357,8.879611609982035,0
GB_안동시,GB,안동시,2004,7112.0,2012,357,8.86953877719374,0
GB_안동시,GB,안동시,2005,6718.0,2012,357,8.812545770172237,0
GB_안동시,GB,안동시,2006,6811.0,2012,357,8.826294231241318,0
GB_안동시,GB,안동시,2007,6799.0,2012,357,8.82453082152646,0
GB_안동시,GB,안동시,2008,6909.0,2012,357,8.840580188488795,0
GB_안동시,GB,안동시,2009,7020.0,2012,357,8.856518497019858,0
GB_안동시,GB,안동시,2010,6444.0,2012,357,8.770904744296866,0
GB_안동시,GB,안동시,2011,5761.0,2012,357,8.658866349732383,0
GB_구미시,GB,구미시,2000,8789.0,2009,359,9.081256218564645,1
GB_구미시,GB,구미시,2001,8997.0,2009,359,9.104646467417119,1
GB_구미시,GB,구미시,2002,8643.0,2009,359,9.064505023752638,1
GB_구미시,GB,구미시,2003,8562.0,2009,359,9.055089086704891,1
GB_구미시,GB,구미시,2004,8384.0,2009,359,9.034080406560824,1
GB_구미시,GB,구미시,2005,8373.0,2009,359,9.032767522204432,1
GB_구미시,GB,구미시,2006,7997.0,2009,359,8.98682175033189,1
GB_구미시,GB,구미시,2007,7972.0,2009,359,8.983690681332686,1
GB_구미시,GB,구미시,2008,7877.0,2009,359,8.971702399703325,1
GB_구미시,GB,구미시,2009,7800.0,2009,359,8.961879012677683,1
GB_구미시,GB,구미시,2010,5851.0,2009,359,8.674367865788236,1
GB_구미시,GB,구미시,2011,5656.0,2009,359,8.640472207576408,1
GB_영주시,GB,영주시,2000,5890.0,2012,361,8.681011276645632,0
GB_영주시,GB,영주시,2001,5995.0,2012,361,8.698681067461614,0
GB_영주시,GB,영주시,2002,6043.0,2012,361,8.706655856361559,0
GB_영주시,GB,영주시,2003,5725.0,2012,361,8.65259782842244,0
GB_영주시,GB,영주시,2004,5468.0,2012,361,8.60666819784384,0
GB_영주시,GB,영주시,2005,5258.0,2012,361,8.567506005289827,0
GB_영주시,GB,영주시,2006,4940.0,2012,361,8.505120610181969,0
GB_영주시,GB,영주시,2007,4990.0,2012,361,8.515191188745565,0
GB_영주시,GB,영주시,2008,4958.0,2012,361,8.508757712595136,0
GB_영주시,GB,영주시,2009,5328.0,2012,361,8.580731212220226,0
GB_영주시,GB,영주시,2010,5114.0,2012,361,8.539737155851132,0
GB_영주시,GB,영주시,2011,4987.0,2012,361,8.514589805546123,0
GB_영천시,GB,영천시,2000,5305.0,2012,363,8.576405051048084,0
GB_영천시,GB,영천시,2001,5517.0,2012,363,8.61558951327243,0
GB_영천시,GB,영천시,2002,5296.0,2012,363,8.574707097616844,0
GB_영천시,GB,영천시,2003,5030.0,2012,363,8.523175263093785,0
GB_영천시,GB,영천시,2004,4936.0,2012,363,8.504310565585223,0
GB_영천시,GB,영천시,2005,4594.0,2012,363,8.432506383249043,0
GB_영천시,GB,영천시,2006,4450.0,2012,363,8.400659375160286,0
GB_영천시,GB,영천시,2007,4482.0,2012,363,8.407824654360873,0
GB_영천시,GB,영천시,2008,4372.0,2012,363,8.382975849296429,0
GB_영천시,GB,영천시,2009,4293.0,2012,363,8.36474106822456,0
GB_영천시,GB,영천시,2010,4017.0,2012,363,8.298290634359283,0
GB_영천시,GB,영천시,2011,3801.0,2012,363,8.24301946898925,0
GB_상주시,GB,상주시,2000,16882.0,2009,365,9.734003244543665,1
GB_상주시,GB,상주시,2001,17093.0,2009,365,9.746424301956267,1
GB_상주시,GB,상주시,2002,16913.0,2009,365,9.735837835974042,1
GB_상주시,GB,상주시,2003,16341.0,2009,365,9.701432566051784,1
GB_상주시,GB,상주시,2004,16101.0,2009,365,9.686636660844938,1
GB_상주시,GB,상주시,2005,15627.0,2009,365,9.656755466413301,1
GB_상주시,GB,상주시,2006,15070.0,2009,365,9.620461291620542,1
GB_상주시,GB,상주시,2007,14945.0,2009,365,9.612132074718039,1
GB_상주시,GB,상주시,2008,14670.0,2009,365,9.593559871137028,1
GB_상주시,GB,상주시,2009,14257.0,2009,365,9.56500329315396,1
GB_상주시,GB,상주시,2010,13887.0,2009,365,9.53870842969938,1
GB_상주시,GB,상주시,2011,13359.0,2009,365,9.499945593989812,1
GB_문경시,GB,문경시,2000,5934.0,2012,367,8.688453800850768,0
GB_문경시,GB,문경시,2001,5939.0,2012,367,8.68929604801586,0
GB_문경시,GB,문경시,2002,5827.0,2012,367,8.670257567143075,0
GB_문경시,GB,문경시,2003,5653.0,2012,367,8.63994165667529,0
GB_문경시,GB,문경시,2004,5456.0,2012,367,8.604471199523298,0
GB_문경시,GB,문경시,2005,5292.0,2012,367,8.573951525234847,0
GB_문경시,GB,문경시,2006,5122.0,2012,367,8.541300266759471,0
GB_문경시,GB,문경시,2007,5280.0,2012,367,8.571681376700306,0
GB_문경시,GB,문경시,2008,5228.0,2012,367,8.561784074744113,0
GB_문경시,GB,문경시,2009,5273.0,2012,367,8.57035473953047,0
GB_문경시,GB,문경시,2010,5159.0,2012,367,8.54849804124465,0
GB_문경시,GB,문경시,2011,4982.0,2012,367,8.513586695822125,0
GB_경산시,GB,경산시,2000,1867.0,2012,369,7.532088143541722,0
GB_경산시,GB,경산시,2001,1839.0,2012,369,7.516977224604321,0
GB_경산시,GB,경산시,2002,1748.0,2012,369,7.466227556215481,0
GB_경산시,GB,경산시,2003,1569.0,2012,369,7.358193752733032,0
GB_경산시,GB,경산시,2004,1559.0,2012,369,7.351799869057777,0
GB_경산시,GB,경산시,2005,1484.0,2012,369,7.302496423727326,0
GB_경산시,GB,경산시,2006,1698.0,2012,369,7.437206366871292,0
GB_경산시,GB,경산시,2007,1694.0,2012,369,7.434847875211999,0
GB_경산시,GB,경산시,2008,1684.0,2012,369,7.428927194802272,0
GB_경산시,GB,경산시,2009,1619.0,2012,369,7.389563953677635,0
GB_경산시,GB,경산시,2010,1525.0,2012,369,7.329749689041512,0
GB_경산시,GB,경산시,2011,1493.0,2012,369,7.30854279753919,0
GB_군위군,GB,군위군,2000,3138.0,2012,371,8.051340933292979,0
GB_군위군,GB,군위군,2001,3320.0,2012,371,8.107720061910534,0
GB_군위군,GB,군위군,2002,3244.0,2012,371,8.084562415235304,0
GB_군위군,GB,군위군,2003,3130.0,2012,371,8.048788283534199,0
GB_군위군,GB,군위군,2004,3099.0,2012,371,8.038834757787749,0
GB_군위군,GB,군위군,2005,2961.0,2012,371,7.993282328101591,0
GB_군위군,GB,군위군,2006,2764.0,2012,371,7.92443418488756,0
GB_군위군,GB,군위군,2007,2775.0,2012,371,7.928406026180535,0
GB_군위군,GB,군위군,2008,2776.0,2012,371,7.9287663216266955,0
GB_군위군,GB,군위군,2009,2661.0,2012,371,7.886457270977689,0
GB_군위군,GB,군위군,2010,2778.0,2012,371,7.9294865233142895,0
GB_군위군,GB,군위군,2011,2685.0,2012,371,7.895436006942965,0
GB_의성군,GB,의성군,2000,11317.0,2011,373,9.334061298965942,0
GB_의성군,GB,의성군,2001,11416.0,2011,373,9.342771159156673,0
GB_의성군,GB,의성군,2002,11231.0,2011,373,9.326433090963036,0
GB_의성군,GB,의성군,2003,11208.0,2011,373,9.324383088016843,0
GB_의성군,GB,의성군,2004,11128.0,2011,373,9.31721973360328,0
GB_의성군,GB,의성군,2005,10819.0,2011,373,9.289059126687574,0
GB_의성군,GB,의성군,2006,11191.0,2011,373,9.322865162818028,0
GB_의성군,GB,의성군,2007,11250.0,2011,373,9.328123407632566,0
GB_의성군,GB,의성군,2008,11232.0,2011,373,9.326522126265592,0
GB_의성군,GB,의성군,2009,11129.0,2011,373,9.317309592973425,0
GB_의성군,GB,의성군,2010,11121.0,2011,373,9.316590491818841,0
GB_의성군,GB,의성군,2011,10650.0,2011,373,9.273315171137572,0
GB_청송군,GB,청송군,2000,1747.0,2012,375,7.465655310134056,0
GB_청송군,GB,청송군,2001,1793.0,2012,375,7.491645473605133,0
GB_청송군,GB,청송군,2002,1678.0,2012,375,7.425357887027151,0
GB_청송군,GB,청송군,2003,1671.0,2012,375,7.421177528595393,0
GB_청송군,GB,청송군,2004,1642.0,2012,375,7.403670290012373,0
GB_청송군,GB,청송군,2005,1526.0,2012,375,7.330405211844402,0
GB_청송군,GB,청송군,2006,1544.0,2012,375,7.342131730584722,0
GB_청송군,GB,청송군,2007,1588.0,2012,375,7.370230641807081,0
GB_청송군,GB,청송군,2008,1473.0,2012,375,7.29505641646263,0
GB_청송군,GB,청송군,2009,1474.0,2012,375,7.295735072749282,0
GB_청송군,GB,청송군,2010,1362.0,2012,375,7.216709486709457,0
GB_청송군,GB,청송군,2011,1261.0,2012,375,7.13966033596492,0
GB_영양군,GB,영양군,2000,1356.0,2012,377,7.212294468500341,0
GB_영양군,GB,영양군,2001,1411.0,2012,377,7.252053951852814,0
GB_영양군,GB,영양군,2002,1237.0,2012,377,7.1204443723924875,0
GB_영양군,GB,영양군,2003,1279.0,2012,377,7.153833801578843,0
GB_영양군,GB,영양군,2004,1225.0,2012,377,7.110696122978827,0
GB_영양군,GB,영양군,2005,1196.0,2012,377,7.086737934510577,0
GB_영양군,GB,영양군,2006,1030.0,2012,377,6.937314081223682,0
GB_영양군,GB,영양군,2007,1084.0,2012,377,6.988413181999592,0
GB_영양군,GB,영양군,2008,1057.0,2012,377,6.963189985870238,0
GB_영양군,GB,영양군,2009,1149.0,2012,377,7.046647277848756,0
GB_영양군,GB,영양군,2010,1174.0,2012,377,7.068172000388042,0
GB_영양군,GB,영양군,2011,932.0,2012,377,6.837332814685591,0
GB_영덕군,GB,영덕군,2000,3139.0,2012,379,8.051659556841953,0
GB_영덕군,GB,영덕군,2001,3151.0,2012,379,8.055475141757274,0
GB_영덕군,GB,영덕군,2002,3090.0,2012,379,8.035926369891792,0
GB_영덕군,GB,영덕군,2003,2981.0,2012,379,8.000014093678072,0
GB_영덕군,GB,영덕군,2004,2940.0,2012,379,7.986164860332727,0
GB_영덕군,GB,영덕군,2005,2882.0,2012,379,7.966239776559467,0
GB_영덕군,GB,영덕군,2006,2839.0,2012,379,7.951207156472972,0
GB_영덕군,GB,영덕군,2007,2826.0,2012,379,7.946617563244473,0
GB_영덕군,GB,영덕군,2008,2866.0,2012,379,7.960672608388117,0
GB_영덕군,GB,영덕군,2009,2821.0,2012,379,7.944846711001996,0
GB_영덕군,GB,영덕군,2010,2648.0,2012,379,7.881559917056899,0
GB_영덕군,GB,영덕군,2011,2266.0,2012,379,7.725771441587952,0
GB_청도군,GB,청도군,2000,4180.0,2012,381,8.338066525518801,0
GB_청도군,GB,청도군,2001,4122.0,2012,381,8.324093761450404,0
GB_청도군,GB,청도군,2002,3990.0,2012,381,8.29154650988391,0
GB_청도군,GB,청도군,2003,3739.0,2012,381,8.226573474977114,0
GB_청도군,GB,청도군,2004,3544.0,2012,381,8.173011311724972,0
GB_청도군,GB,청도군,2005,3381.0,2012,381,8.125926802707886,0
GB_청도군,GB,청도군,2006,3425.0,2012,381,8.138856750696325,0
GB_청도군,GB,청도군,2007,3436.0,2012,381,8.142063283104147,0
GB_청도군,GB,청도군,2008,3414.0,2012,381,8.135639903354386,0
GB_청도군,GB,청도군,2009,3378.0,2012,381,8.125039097367745,0
GB_청도군,GB,청도군,2010,3205.0,2012,381,8.07246736935477,0
GB_청도군,GB,청도군,2011,3033.0,2012,381,8.017307507688582,0
GB_고령군,GB,고령군,2000,4697.0,2012,383,8.454679286026995,0
GB_고령군,GB,고령군,2001,4700.0,2012,383,8.45531778769815,0
GB_고령군,GB,고령군,2002,4540.0,2012,383,8.420682291035394,0
GB_고령군,GB,고령군,2003,4608.0,2012,383,8.435549202375727,0
GB_고령군,GB,고령군,2004,4477.0,2012,383,8.406708458240965,0
GB_고령군,GB,고령군,2005,4389.0,2012,383,8.386856689688234,0
GB_고령군,GB,고령군,2006,3990.0,2012,383,8.29154650988391,0
GB_고령군,GB,고령군,2007,4170.0,2012,383,8.335671314792847,0
GB_고령군,GB,고령군,2008,3968.0,2012,383,8.286017468404763,0
GB_고령군,GB,고령군,2009,3991.0,2012,383,8.291797105048733,0
GB_고령군,GB,고령군,2010,3617.0,2012,383,8.193400231952097,0
GB_고령군,GB,고령군,2011,3312.0,2012,383,8.10530751550515,0
GB_성주군,GB,성주군,2000,4305.0,2012,385,8.367532416861831,0
GB_성주군,GB,성주군,2001,4380.0,2012,385,8.384804003370492,0
GB_성주군,GB,성주군,2002,4311.0,2012,385,8.368925174747135,0
GB_성주군,GB,성주군,2003,3654.0,2012,385,8.203577736937952,0
GB_성주군,GB,성주군,2004,3707.0,2012,385,8.217978203150732,0
GB_성주군,GB,성주군,2005,3561.0,2012,385,8.177796683277778,0
GB_성주군,GB,성주군,2006,3456.0,2012,385,8.147867129923947,0
GB_성주군,GB,성주군,2007,3527.0,2012,385,8.168202930236053,0
GB_성주군,GB,성주군,2008,3632.0,2012,385,8.197538739721184,0
GB_성주군,GB,성주군,2009,3568.0,2012,385,8.1797604936999,0
GB_성주군,GB,성주군,2010,3168.0,2012,385,8.060855752934316,0
GB_성주군,GB,성주군,2011,3013.0,2012,385,8.0106915391303,0
GB_칠곡군,GB,칠곡군,2000,3376.0,2012,387,8.124446855715847,0
GB_칠곡군,GB,칠곡군,2001,3517.0,2012,387,8.165363632473982,0
GB_칠곡군,GB,칠곡군,2002,3435.0,2012,387,8.14177220465645,0
GB_칠곡군,GB,칠곡군,2003,3196.0,2012,387,8.069655306886165,0
GB_칠곡군,GB,칠곡군,2004,3158.0,2012,387,8.057694194815587,0
GB_칠곡군,GB,칠곡군,2005,2963.0,2012,387,7.993957547573565,0
GB_칠곡군,GB,칠곡군,2006,2908.0,2012,387,7.97522083865341,0
GB_칠곡군,GB,칠곡군,2007,2877.0,2012,387,7.964503363551548,0
GB_칠곡군,GB,칠곡군,2008,3014.0,2012,387,8.01102337918644,0
GB_칠곡군,GB,칠곡군,2009,2829.0,2012,387,7.947678571301568,0
GB_칠곡군,GB,칠곡군,2010,2613.0,2012,387,7.868254265520613,0
GB_칠곡군,GB,칠곡군,2011,2442.0,2012,387,7.80057265467065,0
GB_예천군,GB,예천군,2000,10820.0,2012,389,9.289151552400472,0
GB_예천군,GB,예천군,2001,10904.0,2012,389,9.296884973376368,0
GB_예천군,GB,예천군,2002,10823.0,2012,389,9.289428778295147,0
GB_예천군,GB,예천군,2003,10536.0,2012,389,9.262553243423117,0
GB_예천군,GB,예천군,2004,10534.0,2012,389,9.262363400043334,0
GB_예천군,GB,예천군,2005,9976.0,2012,389,9.207937487359873,0
GB_예천군,GB,예천군,2006,9805.0,2012,389,9.190647738630446,0
GB_예천군,GB,예천군,2007,9862.0,2012,389,9.196444266784072,0
GB_예천군,GB,예천군,2008,9893.0,2012,389,9.199582715323222,0
GB_예천군,GB,예천군,2009,9663.0,2012,389,9.176059437999308,0
GB_예천군,GB,예천군,2010,9275.0,2012,389,9.135077887475635,0
GB_예천군,GB,예천군,2011,8566.0,2012,389,9.055556158175316,0
GB_봉화군,GB,봉화군,2000,3581.0,2012,391,8.183397369998433,0
GB_봉화군,GB,봉화군,2001,3658.0,2012,391,8.204671828950811,0
GB_봉화군,GB,봉화군,2002,3509.0,2012,391,8.163086375583216,0
GB_봉화군,GB,봉화군,2003,3479.0,2012,391,8.154500175151941,0
GB_봉화군,GB,봉화군,2004,3380.0,2012,391,8.125630988477065,0
GB_봉화군,GB,봉화군,2005,3315.0,2012,391,8.106212902619962,0
GB_봉화군,GB,봉화군,2006,3204.0,2012,391,8.07215530818825,0
GB_봉화군,GB,봉화군,2007,3276.0,2012,391,8.09437844497296,0
GB_봉화군,GB,봉화군,2008,3272.0,2012,391,8.093156697722637,0
GB_봉화군,GB,봉화군,2009,3236.0,2012,391,8.082093278178382,0
GB_봉화군,GB,봉화군,2010,3284.0,2012,391,8.096817470572319,0
GB_봉화군,GB,봉화군,2011,3014.0,2012,391,8.01102337918644,0
GB_울진군,GB,울진군,2000,3720.0,2012,393,8.221478947267192,0
GB_울진군,GB,울진군,2001,3719.0,2012,393,8.22121009392507,0
GB_울진군,GB,울진군,2002,3687.0,2012,393,8.212568398234145,0
GB_울진군,GB,울진군,2003,3528.0,2012,393,8.168486417126681,0
GB_울진군,GB,울진군,2004,3391.0,2012,393,8.128880142125638,0
GB_울진군,GB,울진군,2005,3260.0,2012,393,8.089482474360754,0
GB_울진군,GB,울진군,2006,3105.0,2012,393,8.040768994367578,0
GB_울진군,GB,울진군,2007,3068.0,2012,393,8.028781162487148,0
GB_울진군,GB,울진군,2008,2870.0,2012,393,7.962067308753666,0
GB_울진군,GB,울진군,2009,2797.0,2012,393,7.936302693201959,0
GB_울진군,GB,울진군,2010,2673.0,2012,393,7.890956716138919,0
GB_울진군,GB,울진군,2011,2540.0,2012,393,7.8399193600125825,0
GN_창원시,GN,창원시,2000,3460.0,2012,421,8.14902386805177,0
GN_창원시,GN,창원시,2001,3552.0,2012,421,8.17526610411206,0
GN_창원시,GN,창원시,2002,3497.0,2012,421,8.159660737063376,0
GN_창원시,GN,창원시,2003,3227.0,2012,421,8.079308192051961,0
GN_창원시,GN,창원시,2004,3200.0,2012,421,8.070906088787819,0
GN_창원시,GN,창원시,2005,3248.0,2012,421,8.085794701281568,0
GN_창원시,GN,창원시,2006,3340.0,2012,421,8.113726085970747,0
GN_창원시,GN,창원시,2007,3336.0,2012,421,8.112527763478637,0
GN_창원시,GN,창원시,2008,3308.0,2012,421,8.104099056143582,0
GN_창원시,GN,창원시,2009,3332.0,2012,421,8.111328003286733,0
GN_창원시,GN,창원시,2010,2739.0,2012,421,7.915348169263078,0
GN_창원시,GN,창원시,2011,3893.0,2012,421,8.266935347610456,0
GN_마산시,GN,마산시,2000,2055.0,2012,423,7.628031126930335,0
GN_마산시,GN,마산시,2001,2047.0,2012,423,7.624130585661289,0
GN_마산시,GN,마산시,2002,1964.0,2012,423,7.582738488914411,0
GN_마산시,GN,마산시,2003,1684.0,2012,423,7.428927194802272,0
GN_마산시,GN,마산시,2004,1733.0,2012,423,7.457609289715606,0
GN_마산시,GN,마산시,2005,1629.0,2012,423,7.395721608602045,0
GN_마산시,GN,마산시,2006,1634.0,2012,423,7.3987862754199485,0
GN_마산시,GN,마산시,2007,1642.0,2012,423,7.403670290012373,0
GN_마산시,GN,마산시,2008,1393.0,2012,423,7.239214973779806,0
GN_마산시,GN,마산시,2009,1417.0,2012,423,7.256297239690681,0
GN_마산시,GN,마산시,2010,1322.0,2012,423,7.186901020411631,0
GN_마산시,GN,마산시,2011,,2012,423,,0
GN_진주시,GN,진주시,2000,7693.0,2012,425,8.948066103458935,0
GN_진주시,GN,진주시,2001,7535.0,2012,425,8.927314111060596,0
GN_진주시,GN,진주시,2002,7307.0,2012,425,8.896588071791218,0
GN_진주시,GN,진주시,2003,6832.0,2012,425,8.829372735468406,0
GN_진주시,GN,진주시,2004,6766.0,2012,425,8.819665349340653,0
GN_진주시,GN,진주시,2005,6624.0,2012,425,8.798454696065095,0
GN_진주시,GN,진주시,2006,6823.0,2012,425,8.828054536815424,0
GN_진주시,GN,진주시,2007,6628.0,2012,425,8.799058378546453,0
GN_진주시,GN,진주시,2008,6619.0,2012,425,8.797699580118923,0
GN_진주시,GN,진주시,2009,6262.0,2012,425,8.742254901886351,0
GN_진주시,GN,진주시,2010,6113.0,2012,425,8.718172930028725,0
GN_진주시,GN,진주시,2011,5931.0,2012,425,8.687948111838727,0
GN_진해시,GN,진해시,2000,464.0,2012,429,6.139884552226255,0
GN_진해시,GN,진해시,2001,458.0,2012,429,6.126869184114185,0
GN_진해시,GN,진해시,2002,425.0,2012,429,6.052089168924417,0
GN_진해시,GN,진해시,2003,405.0,2012,429,6.003887067106539,0
GN_진해시,GN,진해시,2004,378.0,2012,429,5.934894195619588,0
GN_진해시,GN,진해시,2005,358.0,2012,429,5.8805329864007,0
GN_진해시,GN,진해시,2006,387.0,2012,429,5.958424693029782,0
GN_진해시,GN,진해시,2007,380.0,2012,429,5.940171252720432,0
GN_진해시,GN,진해시,2008,197.0,2012,429,5.2832037287379885,0
GN_진해시,GN,진해시,2009,161.0,2012,429,5.081404364984463,0
GN_진해시,GN,진해시,2010,125.0,2012,429,4.8283137373023015,0
GN_진해시,GN,진해시,2011,,2012,429,,0
GN_통영시,GN,통영시,2000,782.0,2012,431,6.661854740545311,0
GN_통영시,GN,통영시,2001,844.0,2012,431,6.738152494595957,0
GN_통영시,GN,통영시,2002,796.0,2012,431,6.679599185844383,0
GN_통영시,GN,통영시,2003,702.0,2012,431,6.553933404025811,0
GN_통영시,GN,통영시,2004,709.0,2012,431,6.5638555265321274,0
GN_통영시,GN,통영시,2005,677.0,2012,431,6.517671272912275,0
GN_통영시,GN,통영시,2006,559.0,2012,431,6.326149473155099,0
GN_통영시,GN,통영시,2007,571.0,2012,431,6.3473892096560105,0
GN_통영시,GN,통영시,2008,479.0,2012,431,6.171700597410915,0
GN_통영시,GN,통영시,2009,503.0,2012,431,6.220590170099739,0
GN_통영시,GN,통영시,2010,406.0,2012,431,6.0063531596017325,0
GN_통영시,GN,통영시,2011,362.0,2012,431,5.8916442118257715,0
GN_사천시,GN,사천시,2000,5995.0,2012,433,8.698681067461614,0
GN_사천시,GN,사천시,2001,6025.0,2012,433,8.703672758358856,0
GN_사천시,GN,사천시,2002,5905.0,2012,433,8.683554728631462,0
GN_사천시,GN,사천시,2003,5552.0,2012,433,8.62191350218664,0
GN_사천시,GN,사천시,2004,5471.0,2012,433,8.607216694063826,0
GN_사천시,GN,사천시,2005,5391.0,2012,433,8.592486175451668,0
GN_사천시,GN,사천시,2006,5284.0,2012,433,8.572438665642215,0
GN_사천시,GN,사천시,2007,5390.0,2012,433,8.592300663903043,0
GN_사천시,GN,사천시,2008,5362.0,2012,433,8.587092318795905,0
GN_사천시,GN,사천시,2009,5182.0,2012,433,8.552946361122055,0
GN_사천시,GN,사천시,2010,4848.0,2012,433,8.48632152774915,0
GN_사천시,GN,사천시,2011,4669.0,2012,433,8.448700194970938,0
GN_김해시,GN,김해시,2000,6180.0,2009,437,8.729073550451737,1
GN_김해시,GN,김해시,2001,6069.0,2009,437,8.710949125835855,1
GN_김해시,GN,김해시,2002,5836.0,2009,437,8.671800909642677,1
GN_김해시,GN,김해시,2003,5649.0,2009,437,8.639233817325263,1
GN_김해시,GN,김해시,2004,5269.0,2009,437,8.569595870209286,1
GN_김해시,GN,김해시,2005,5136.0,2009,437,8.544029845369797,1
GN_김해시,GN,김해시,2006,5368.0,2009,437,8.588210678651517,1
GN_김해시,GN,김해시,2007,5343.0,2009,437,8.583542571957771,1
GN_김해시,GN,김해시,2008,5435.0,2009,437,8.60061479955531,1
GN_김해시,GN,김해시,2009,5544.0,2009,437,8.620471540869739,1
GN_김해시,GN,김해시,2010,4672.0,2009,437,8.449342524508063,1
GN_김해시,GN,김해시,2011,4410.0,2009,437,8.391629968440892,1
GN_밀양시,GN,밀양시,2000,7804.0,2009,441,8.962391701743002,1
GN_밀양시,GN,밀양시,2001,7832.0,2009,441,8.965973184210347,1
GN_밀양시,GN,밀양시,2002,7633.0,2009,441,8.94023623179847,1
GN_밀양시,GN,밀양시,2003,7245.0,2009,441,8.888066854754783,1
GN_밀양시,GN,밀양시,2004,6963.0,2009,441,8.848365694942547,1
GN_밀양시,GN,밀양시,2005,6822.0,2009,441,8.82790796297859,1
GN_밀양시,GN,밀양시,2006,6837.0,2009,441,8.830104317913793,1
GN_밀양시,GN,밀양시,2007,6941.0,2009,441,8.845201135339584,1
GN_밀양시,GN,밀양시,2008,6863.0,2009,441,8.833899942908635,1
GN_밀양시,GN,밀양시,2009,6760.0,2009,441,8.81877816903701,1
GN_밀양시,GN,밀양시,2010,6475.0,2009,441,8.775703886567738,1
GN_밀양시,GN,밀양시,2011,6082.0,2009,441,8.71308886823731,1
GN_거제시,GN,거제시,2000,2634.0,2012,443,7.876258882303226,0
GN_거제시,GN,거제시,2001,2568.0,2012,443,7.850882664809852,0
GN_거제시,GN,거제시,2002,2508.0,2012,443,7.827240901752812,0
GN_거제시,GN,거제시,2003,2228.0,2012,443,7.708859601047175,0
GN_거제시,GN,거제시,2004,2132.0,2012,443,7.664815785285735,0
GN_거제시,GN,거제시,2005,2084.0,2012,443,7.642044402873258,0
GN_거제시,GN,거제시,2006,1975.0,2012,443,7.5883236773352225,0
GN_거제시,GN,거제시,2007,1960.0,2012,443,7.580699752224563,0
GN_거제시,GN,거제시,2008,1925.0,2012,443,7.562681246721884,0
GN_거제시,GN,거제시,2009,1870.0,2012,443,7.533693709848633,0
GN_거제시,GN,거제시,2010,1872.0,2012,443,7.534762657037537,0
GN_거제시,GN,거제시,2011,1861.0,2012,443,7.528869256642251,0
GN_양산시,GN,양산시,2000,2040.0,2012,445,7.620705086838262,0
GN_양산시,GN,양산시,2001,1962.0,2012,445,7.581719640125308,0
GN_양산시,GN,양산시,2002,1863.0,2012,445,7.529943370601589,0
GN_양산시,GN,양산시,2003,1545.0,2012,445,7.3427791893318455,0
GN_양산시,GN,양산시,2004,1378.0,2012,445,7.228388451573604,0
GN_양산시,GN,양산시,2005,1146.0,2012,445,7.044032897274685,0
GN_양산시,GN,양산시,2006,1281.0,2012,445,7.155396301896734,0
GN_양산시,GN,양산시,2007,1428.0,2012,445,7.2640301428995295,0
GN_양산시,GN,양산시,2008,1271.0,2012,445,7.147559271189454,0
GN_양산시,GN,양산시,2009,1394.0,2012,445,7.2399325913204695,0
GN_양산시,GN,양산시,2010,1005.0,2012,445,6.912742820493176,0
GN_양산시,GN,양산시,2011,1008.0,2012,445,6.915723448631314,0
GN_의령군,GN,의령군,2000,5175.0,2012,447,8.55159461813357,0
GN_의령군,GN,의령군,2001,5154.0,2012,447,8.54752839121231,0
GN_의령군,GN,의령군,2002,5003.0,2012,447,8.517793011488205,0
GN_의령군,GN,의령군,2003,4594.0,2012,447,8.432506383249043,0
GN_의령군,GN,의령군,2004,4469.0,2012,447,8.404919948933452,0
GN_의령군,GN,의령군,2005,4380.0,2012,447,8.384804003370492,0
GN_의령군,GN,의령군,2006,4456.0,2012,447,8.40200678160712,0
GN_의령군,GN,의령군,2007,4555.0,2012,447,8.423980809694058,0
GN_의령군,GN,의령군,2008,4422.0,2012,447,8.394347361417392,0
GN_의령군,GN,의령군,2009,4180.0,2012,447,8.338066525518801,0
GN_의령군,GN,의령군,2010,3742.0,2012,447,8.227375506834035,0
GN_의령군,GN,의령군,2011,3681.0,2012,447,8.210939733379021,0
GN_함안군,GN,함안군,2000,7228.0,2012,449,8.885717651712119,0
GN_함안군,GN,함안군,2001,7228.0,2012,449,8.885717651712119,0
GN_함안군,GN,함안군,2002,7081.0,2012,449,8.865170419651774,0
GN_함안군,GN,함안군,2003,6850.0,2012,449,8.83200393125627,0
GN_함안군,GN,함안군,2004,6678.0,2012,449,8.8065738205036,0
GN_함안군,GN,함안군,2005,6617.0,2012,449,8.797397374012059,0
GN_함안군,GN,함안군,2006,6823.0,2012,449,8.828054536815424,0
GN_함안군,GN,함안군,2007,6881.0,2012,449,8.83651926920248,0
GN_함안군,GN,함안군,2008,6954.0,2012,449,8.847072312567807,0
GN_함안군,GN,함안군,2009,6803.0,2012,449,8.825118970345061,0
GN_함안군,GN,함안군,2010,6479.0,2012,449,8.776321456449958,0
GN_함안군,GN,함안군,2011,6096.0,2012,449,8.715388097366482,0
GN_창녕군,GN,창녕군,2000,7602.0,2012,451,8.936166649549195,0
GN_창녕군,GN,창녕군,2001,7781.0,2012,451,8.95944014361693,0
GN_창녕군,GN,창녕군,2002,7618.0,2012,451,8.938269147038548,0
GN_창녕군,GN,창녕군,2003,7401.0,2012,451,8.909370405197466,0
GN_창녕군,GN,창녕군,2004,7329.0,2012,451,8.89959435992585,0
GN_창녕군,GN,창녕군,2005,7289.0,2012,451,8.894121641382213,0
GN_창녕군,GN,창녕군,2006,6984.0,2012,451,8.851377097519439,0
GN_창녕군,GN,창녕군,2007,7004.0,2012,451,8.854236693405742,0
GN_창녕군,GN,창녕군,2008,7025.0,2012,451,8.857230494201946,0
GN_창녕군,GN,창녕군,2009,6999.0,2012,451,8.85352256068954,0
GN_창녕군,GN,창녕군,2010,6610.0,2012,451,8.796338932845732,0
GN_창녕군,GN,창녕군,2011,6232.0,2012,451,8.737452587550584,0
GN_고성군,GN,고성군,2000,7695.0,2012,453,8.94832604627298,0
GN_고성군,GN,고성군,2001,7645.0,2012,453,8.941807118363164,0
GN_고성군,GN,고성군,2002,7610.0,2012,453,8.937218450855731,0
GN_고성군,GN,고성군,2003,7243.0,2012,453,8.887790764195326,0
GN_고성군,GN,고성군,2004,7114.0,2012,453,8.8698199525084,0
GN_고성군,GN,고성군,2005,7006.0,2012,453,8.854522203757432,0
GN_고성군,GN,고성군,2006,6880.0,2012,453,8.836373930927389,0
GN_고성군,GN,고성군,2007,6878.0,2012,453,8.83608319099221,0
GN_고성군,GN,고성군,2008,6516.0,2012,453,8.782015969721936,0
GN_고성군,GN,고성군,2009,6687.0,2012,453,8.80792062205398,0
GN_고성군,GN,고성군,2010,6483.0,2012,453,8.776938645174996,0
GN_고성군,GN,고성군,2011,6181.0,2012,453,8.729235349659273,0
GN_남해군,GN,남해군,2000,4026.0,2012,455,8.300528606199737,0
GN_남해군,GN,남해군,2001,4015.0,2012,455,8.297792626380861,0
GN_남해군,GN,남해군,2002,3988.0,2012,455,8.291045131081729,0
GN_남해군,GN,남해군,2003,3668.0,2012,455,8.207401833376355,0
GN_남해군,GN,남해군,2004,3590.0,2012,455,8.185907481482324,0
GN_남해군,GN,남해군,2005,3535.0,2012,455,8.170468578330674,0
GN_남해군,GN,남해군,2006,3291.0,2012,455,8.098946748943339,0
GN_남해군,GN,남해군,2007,3366.0,2012,455,8.121480374750751,0
GN_남해군,GN,남해군,2008,3234.0,2012,455,8.081475040137052,0
GN_남해군,GN,남해군,2009,3141.0,2012,455,8.052296499538647,0
GN_남해군,GN,남해군,2010,3097.0,2012,455,8.038189179973203,0
GN_남해군,GN,남해군,2011,3061.0,2012,455,8.026496938945412,0
GN_하동군,GN,하동군,2000,6603.0,2012,457,8.79527937019457,0
GN_하동군,GN,하동군,2001,6485.0,2012,457,8.777247096750544,0
GN_하동군,GN,하동군,2002,6429.0,2012,457,8.768574284141687,0
GN_하동군,GN,하동군,2003,6042.0,2012,457,8.706490361946617,0
GN_하동군,GN,하동군,2004,5888.0,2012,457,8.680671660408713,0
GN_하동군,GN,하동군,2005,5735.0,2012,457,8.65434302956347,0
GN_하동군,GN,하동군,2006,5661.0,2012,457,8.64135583403666,0
GN_하동군,GN,하동군,2007,5769.0,2012,457,8.660254034256889,0
GN_하동군,GN,하동군,2008,5753.0,2012,457,8.657476736863293,0
GN_하동군,GN,하동군,2009,5489.0,2012,457,8.610501368549889,0
GN_하동군,GN,하동군,2010,5390.0,2012,457,8.592300663903043,0
GN_하동군,GN,하동군,2011,5024.0,2012,457,8.521981708148035,0
GN_산청군,GN,산청군,2000,5498.0,2012,459,8.612139668725192,0
GN_산청군,GN,산청군,2001,5547.0,2012,459,8.621012520055235,0
GN_산청군,GN,산청군,2002,5521.0,2012,459,8.616314282284044,0
GN_산청군,GN,산청군,2003,4922.0,2012,459,8.501470230951002,0
GN_산청군,GN,산청군,2004,4658.0,2012,459,8.446341450444287,0
GN_산청군,GN,산청군,2005,4528.0,2012,459,8.41803561988302,0
GN_산청군,GN,산청군,2006,4693.0,2012,459,8.453827315794417,0
GN_산청군,GN,산청군,2007,4777.0,2012,459,8.471568013389962,0
GN_산청군,GN,산청군,2008,4581.0,2012,459,8.429672593886743,0
GN_산청군,GN,산청군,2009,4498.0,2012,459,8.411388132519262,0
GN_산청군,GN,산청군,2010,4521.0,2012,459,8.416488487294606,0
GN_산청군,GN,산청군,2011,4209.0,2012,459,8.344980368770571,0
GN_함양군,GN,함양군,2000,5099.0,2012,461,8.536799721055155,0
GN_함양군,GN,함양군,2001,5176.0,2012,461,8.551787836180736,0
GN_함양군,GN,함양군,2002,5016.0,2012,461,8.520388082312756,0
GN_함양군,GN,함양군,2003,4731.0,2012,461,8.461891875631148,0
GN_함양군,GN,함양군,2004,4658.0,2012,461,8.446341450444287,0
GN_함양군,GN,함양군,2005,4557.0,2012,461,8.424419791263883,0
GN_함양군,GN,함양군,2006,4439.0,2012,461,8.398184404834035,0
GN_함양군,GN,함양군,2007,4477.0,2012,461,8.406708458240965,0
GN_함양군,GN,함양군,2008,4447.0,2012,461,8.399984990510696,0
GN_함양군,GN,함양군,2009,4483.0,2012,461,8.40804774415544,0
GN_함양군,GN,함양군,2010,4292.0,2012,461,8.36450810375059,0
GN_함양군,GN,함양군,2011,3846.0,2012,461,8.254788926148725,0
GN_거창군,GN,거창군,2000,6346.0,2012,463,8.75557997214314,0
GN_거창군,GN,거창군,2001,6424.0,2012,463,8.767796255626598,0
GN_거창군,GN,거창군,2002,6318.0,2012,463,8.75115798136203,0
GN_거창군,GN,거창군,2003,5852.0,2012,463,8.674538762140015,0
GN_거창군,GN,거창군,2004,5890.0,2012,463,8.681011276645632,0
GN_거창군,GN,거창군,2005,5736.0,2012,463,8.654517382279456,0
GN_거창군,GN,거창군,2006,5692.0,2012,463,8.646816959209742,0
GN_거창군,GN,거창군,2007,5707.0,2012,463,8.649448770536708,0
GN_거창군,GN,거창군,2008,5681.0,2012,463,8.644882552557126,0
GN_거창군,GN,거창군,2009,5698.0,2012,463,8.647870515057853,0
GN_거창군,GN,거창군,2010,5540.0,2012,463,8.61974977974133,0
GN_거창군,GN,거창군,2011,5237.0,2012,463,8.563504094279487,0
GN_합천군,GN,합천군,2000,9414.0,2012,465,9.149953221961088,0
GN_합천군,GN,합천군,2001,9480.0,2012,465,9.156939595249067,0
GN_합천군,GN,합천군,2002,9348.0,2012,465,9.142917695658749,0
GN_합천군,GN,합천군,2003,8996.0,2012,465,9.104535313079205,0
GN_합천군,GN,합천군,2004,8895.0,2012,465,9.093244600099936,0
GN_합천군,GN,합천군,2005,8779.0,2012,465,9.080117784926209,0
GN_합천군,GN,합천군,2006,8625.0,2012,465,9.062420241899561,0
GN_합천군,GN,합천군,2007,8644.0,2012,465,9.064620717626777,0
GN_합천군,GN,합천군,2008,8845.0,2012,465,9.087607606593886,0
GN_합천군,GN,합천군,2009,8778.0,2012,465,9.080003870248179,0
GN_합천군,GN,합천군,2010,8219.0,2012,465,9.0142038261485,0
GN_합천군,GN,합천군,2011,7739.0,2012,465,8.95402775927046,0
